{
  "left_climber": {
    "time_series": {
      "timestamps": [
        0.0,
        0.03333333333333333,
        0.06666666666666667,
        0.1,
        0.13333333333333333,
        0.16666666666666666,
        0.2,
        0.23333333333333334,
        0.26666666666666666,
        0.3,
        0.3333333333333333,
        0.36666666666666664,
        0.4,
        0.43333333333333335,
        0.4666666666666667,
        0.5,
        0.5333333333333333,
        0.5666666666666667,
        0.6,
        0.6333333333333333,
        0.6666666666666666,
        0.7,
        0.7333333333333333,
        0.7666666666666667,
        0.8,
        0.8333333333333334,
        0.8666666666666667,
        0.9,
        0.9333333333333333,
        0.9666666666666667,
        1.0,
        1.0333333333333334,
        1.0666666666666667,
        1.1,
        1.1333333333333333
      ],
      "y_position_m": [
        -2.1148977115977123,
        0.0,
        0.0,
        0.0,
        0.0,
        0.0,
        0.0,
        0.0,
        0.0,
        0.0,
        0.0,
        0.0,
        10.868880729909952,
        9.23049326833697,
        8.60289489522232,
        8.756611391088404,
        8.36246619172712,
        8.750293276838834,
        8.976622620913068,
        8.879602659413587,
        8.554529538796082,
        8.566612966245588,
        0.0,
        0.0,
        0.0,
        0.0,
        0.0,
        0.0,
        0.0,
        0.0,
        8.959163496165404,
        0.0,
        0.0,
        0.0,
        0.0
      ],
      "x_position_m": [
        1.5000000000000309,
        0.0,
        0.0,
        0.0,
        0.0,
        0.0,
        0.0,
        0.0,
        0.0,
        0.0,
        0.0,
        0.0,
        1.500000000000075,
        1.5000000000001583,
        1.5000000000001334,
        1.5000000000001577,
        1.5000000000001847,
        1.5000000000001872,
        1.500000000000173,
        1.5000000000001723,
        1.5000000000001663,
        1.500000000000202,
        0.0,
        0.0,
        0.0,
        0.0,
        0.0,
        0.0,
        0.0,
        0.0,
        1.5000000000001557,
        0.0,
        0.0,
        0.0,
        0.0
      ],
      "status": [
        "climbing",
        "climbing",
        "climbing",
        "climbing",
        "climbing",
        "climbing",
        "climbing",
        "climbing",
        "climbing",
        "climbing",
        "climbing",
        "climbing",
        "climbing",
        "climbing",
        "climbing",
        "climbing",
        "climbing",
        "climbing",
        "climbing",
        "climbing",
        "climbing",
        "climbing",
        "climbing",
        "climbing",
        "climbing",
        "climbing",
        "climbing",
        "climbing",
        "climbing",
        "climbing",
        "climbing",
        "climbing",
        "climbing",
        "climbing",
        "out_of_frame"
      ],
      "calibration_quality": [
        0.9970301624208777,
        0.9970301624208777,
        0.9970301624208777,
        0.9970301624208777,
        0.9970301624208777,
        0.9970301624208777,
        0.9970301624208777,
        0.9970301624208777,
        0.9970301624208777,
        0.9970301624208777,
        0.9970301624208777,
        0.9970301624208777,
        0.9970301624208777,
        0.9970301624208777,
        0.9970301624208777,
        0.9970301624208777,
        0.9970301624208777,
        0.9970301624208777,
        0.9970301624208777,
        0.9970301624208777,
        0.9970301624208777,
        0.9970301624208777,
        0.9970301624208777,
        0.9970301624208777,
        0.9970301624208777,
        0.9970301624208777,
        0.9970301624208777,
        0.9970301624208777,
        0.9970301624208777,
        0.9970301624208777,
        0.9970301624208777,
        0.9970301624208777,
        0.9970301624208777,
        0.9970301624208777,
        0.9970301624208777
      ]
    },
    "summary": {
      "total_time_s": 1.1333333333333333,
      "total_distance_m": 12.983778441507663,
      "avg_velocity_m_s": 11.456275095447939,
      "max_velocity_m_s": 326.0664218972981,
      "final_height_m": 0.0
    }
  },
  "right_climber": {
    "time_series": {
      "timestamps": [
        0.0,
        0.03333333333333333,
        0.06666666666666667,
        0.1,
        0.13333333333333333,
        0.16666666666666666,
        0.2,
        0.23333333333333334,
        0.26666666666666666,
        0.3,
        0.3333333333333333,
        0.36666666666666664,
        0.4,
        0.43333333333333335,
        0.4666666666666667,
        0.5,
        0.5333333333333333,
        0.5666666666666667,
        0.6,
        0.6333333333333333,
        0.6666666666666666,
        0.7,
        0.7333333333333333,
        0.7666666666666667,
        0.8,
        0.8333333333333334,
        0.8666666666666667,
        0.9,
        0.9333333333333333,
        0.9666666666666667,
        1.0,
        1.0333333333333334,
        1.0666666666666667,
        1.1,
        1.1333333333333333
      ],
      "y_position_m": [
        -3.051686933040419,
        0.0,
        0.0,
        0.0,
        0.0,
        0.0,
        0.0,
        0.0,
        0.0,
        0.0,
        0.0,
        0.0,
        10.102595892987152,
        8.582840234869241,
        8.671145596853398,
        8.645946674968,
        8.834002194710733,
        8.920143020471647,
        8.915226910340653,
        8.825395080807558,
        0.0,
        0.0,
        0.0,
        0.0,
        0.0,
        0.0,
        0.0,
        0.0,
        0.0,
        0.0,
        0.0,
        0.0,
        0.0,
        0.0,
        0.0
      ],
      "x_position_m": [
        1.5000000000000517,
        0.0,
        0.0,
        0.0,
        0.0,
        0.0,
        0.0,
        0.0,
        0.0,
        0.0,
        0.0,
        0.0,
        1.5000000000000944,
        1.50000000000015,
        1.5000000000001465,
        1.500000000000168,
        1.5000000000001759,
        1.500000000000178,
        1.500000000000176,
        1.5000000000001688,
        0.0,
        0.0,
        0.0,
        0.0,
        0.0,
        0.0,
        0.0,
        0.0,
        0.0,
        0.0,
        0.0,
        0.0,
        0.0,
        0.0,
        0.0
      ],
      "status": [
        "climbing",
        "climbing",
        "climbing",
        "climbing",
        "climbing",
        "climbing",
        "climbing",
        "climbing",
        "climbing",
        "climbing",
        "climbing",
        "climbing",
        "climbing",
        "climbing",
        "climbing",
        "climbing",
        "climbing",
        "climbing",
        "climbing",
        "climbing",
        "climbing",
        "climbing",
        "climbing",
        "climbing",
        "climbing",
        "climbing",
        "climbing",
        "climbing",
        "climbing",
        "climbing",
        "climbing",
        "climbing",
        "climbing",
        "climbing",
        "out_of_frame"
      ],