{
  "left_climber": {
    "time_series": {
      "timestamps": [
        0.0,
        0.03333333333333333,
        0.06666666666666667,
        0.1,
        0.13333333333333333,
        0.16666666666666666,
        0.2,
        0.23333333333333334,
        0.26666666666666666,
        0.3,
        0.3333333333333333,
        0.36666666666666664,
        0.4,
        0.43333333333333335,
        0.4666666666666667,
        0.5,
        0.5333333333333333,
        0.5666666666666667,
        0.6,
        0.6333333333333333,
        0.6666666666666666,
        0.7,
        0.7333333333333333,
        0.7666666666666667,
        0.8,
        0.8333333333333334,
        0.8666666666666667,
        0.9,
        0.9333333333333333,
        0.9666666666666667,
        1.0,
        1.0333333333333334,
        1.0666666666666667,
        1.1,
        1.1333333333333333,
        1.1666666666666667,
        1.2,
        1.2333333333333334,
        1.2666666666666666,
        1.3,
        1.3333333333333333,
        1.3666666666666667,
        1.4,
        1.4333333333333333,
        1.4666666666666666,
        1.5
      ],
      "y_position_m": [
        7.527169306166863,
        7.541103085763464,
        7.578452107693285,
        7.591208469081431,
        7.5949308562047335,
        7.592280755552242,
        7.601130581443717,
        7.587117835381298,
        7.6174080188256,
        7.622184935833641,
        7.621047709496728,
        7.620021793086406,
        7.61904463731723,
        7.61610345235626,
        7.616059715539137,
        13.852219859263235,
        13.845736464707237,
        13.842145982550887,
        13.848124724043519,
        13.858493923127273,
        13.869025603857379,
        13.872028688373764,
        13.874702147825483,
        13.882347931233612,
        13.884928082028267,
        13.887073362837052,
        13.885661809408745,
        13.888246378794586,
        13.890275737987098,
        13.906804694874067,
        -7.911982716743716,
        -7.899129353385345,
        -7.926352027303403,
        -7.937306608788388,
        -7.86272173829117,
        -7.779183546493841,
        -7.733149575041988,
        -7.697105617875445,
        -7.644908010695571,
        -7.657902468905965,
        -7.5926798446247945,
        -7.673119338840991,
        -7.656333320350776,
        -7.746298109978175,
        -7.845174959396261,
        457.3045636864344
      ],
      "x_position_m": [
        1.2709549234609194,
        1.291280165521844,
        1.2690578303852478,
        1.2595601994605994,
        1.258699009532324,
        1.2634543113872598,
        1.2604868024636433,
        1.2807247910815165,
        1.2563858095974985,
        1.2534163865259589,
        1.2552625123607495,
        1.25545594805759,
        1.2559742575491462,
        1.259377142037314,
        1.2610310682488182,
        1.4456075872645096,
        1.4447348094249612,
        1.4468417598240253,
        1.448965676403562,
        1.4489056396862354,
        1.447858893005744,
        1.4481902497283252,
        1.4507133727735033,
        1.4539266519466159,
        1.4535557616712012,
        1.4517199911128154,
        1.4484783574649713,
        1.4449657278497114,
        1.4470308525017777,
        1.4613660527746803,
        1.2165758561936486,
        1.214747844266438,
        1.2087358052330175,
        1.2080175468350747,
        1.2167195508653492,
        1.2332188799783685,
        1.2406661796863923,
        1.2556608513354295,
        1.2618444672041371,
        1.260668047693835,
        1.2333504427614406,
        1.2265999752556798,
        1.2299544796409656,
        1.229650130422898,
        1.2175055040620044,
        23.423920903950858
      ],
      "status": [
        "climbing",
        "climbing",
        "climbing",
        "climbing",
        "climbing",
        "climbing",
        "climbing",
        "climbing",
        "climbing",
        "climbing",
        "climbing",
        "climbing",
        "climbing",
        "climbing",
        "climbing",
        "climbing",
        "climbing",
        "climbing",
        "climbing",
        "climbing",
        "climbing",
        "climbing",
        "climbing",
        "climbing",
        "climbing",
        "climbing",
        "climbing",
        "climbing",
        "climbing",
        "climbing",
        "climbing",
        "climbing",
        "climbing",
        "climbing",
        "climbing",
        "climbing",
        "climbing",
        "climbing",
        "climbing",
        "climbing",
        "climbing",
        "climbing",
        "climbing",
        "climbing",
        "climbing",
        "finished"
      ],
      "calibration_quality": [
        0.8571428571428571,
        0.8571428571428571,
        0.8571428571428571,
        0.8571428571428571,
        0.8571428571428571,
        0.8571428571428571,
        0.8571428571428571,
        0.8571428571428571,
        0.8571428571428571,
        0.8571428571428571,
        0.8571428571428571,
        0.8571428571428571,
        0.8571428571428571,
        0.8571428571428571,
        0.8571428571428571,
        0.9999999999999944,
        0.9999999999999944,
        0.9999999999999944,
        0.9999999999999944,
        0.9999999999999944,
        0.9999999999999944,
        0.9999999999999944,
        0.9999999999999944,
        0.9999999999999944,
        0.9999999999999944,
        0.9999999999999944,
        0.9999999999999944,
        0.9999999999999944,
        0.9999999999999944,
        0.9999999999999944,
        0.75,
        0.75,
        0.75,
        0.75,
        0.75,
        0.75,
        0.75,
        0.75,
        0.75,
        0.75,
        0.75,
        0.75,
        0.75,
        0.75,
        0.75,
        0.75
      ]
    },
    "summary": {
      "total_time_s": 1.5,
      "total_distance_m": 21.844111303662455,
      "avg_velocity_m_s": 14.562740869108303,
      "max_velocity_m_s": 13954.492159374877,
      "final_height_m": 457.3045636864344
    }
  },
  "right_climber": {
    "time_series": {
      "timestamps": [
        0.0,
        0.03333333333333333,
        0.06666666666666667,
        0.1,
        0.13333333333333333,
        0.16666666666666666,
        0.2,
        0.23333333333333334,
        0.26666666666666666,
        0.3,
        0.3333333333333333,
        0.36666666666666664,
        0.4,
        0.43333333333333335,
        0.4666666666666667,
        0.5,
        0.5333333333333333,
        0.5666666666666667,
        0.6,
        0.6333333333333333,
        0.6666666666666666,
        0.7,
        0.7333333333333333,
        0.7666666666666667,
        0.8,
        0.8333333333333334,
        0.8666666666666667,
        0.9,
        0.9333333333333333,
        0.9666666666666667,
        1.0,
        1.0333333333333334,
        1.0666666666666667,
        1.1,
        1.1333333333333333,
        1.1666666666666667,
        1.2,
        1.2333333333333334,
        1.2666666666666666,
        1.3,
        1.3333333333333333,
        1.3666666666666667,
        1.4,
        1.4333333333333333,
        1.4666666666666666,
        1.5
      ],