{
  "left_climber": {
    "time_series": {
      "timestamps": [
        0.0,
        0.03333333333333333,
        0.06666666666666667,
        0.1,
        0.13333333333333333,
        0.16666666666666666,
        0.2,
        0.23333333333333334,
        0.26666666666666666,
        0.3,
        0.3333333333333333,
        0.36666666666666664,
        0.4,
        0.43333333333333335,
        0.4666666666666667,
        0.5,
        0.5333333333333333,
        0.5666666666666667,
        0.6,
        0.6333333333333333,
        0.6666666666666666,
        0.7,
        0.7333333333333333,
        0.7666666666666667,
        0.8,
        0.8333333333333334,
        0.8666666666666667,
        0.9,
        0.9333333333333333,
        0.9666666666666667,
        1.0,
        1.0333333333333334,
        1.0666666666666667,
        1.1,
        1.1333333333333333,
        1.1666666666666667,
        1.2,
        1.2333333333333334,
        1.2666666666666666,
        1.3,
        1.3333333333333333,
        1.3666666666666667,
        1.4,
        1.4333333333333333,
        1.4666666666666666,
        1.5,
        1.5333333333333334,
        1.5666666666666667,
        1.6,
        1.6333333333333333,
        1.6666666666666667,
        1.7,
        1.7333333333333334,
        1.7666666666666666,
        1.8,
        1.8333333333333333,
        1.8666666666666667,
        1.9,
        1.9333333333333333,
        1.9666666666666666,
        2.0,
        2.033333333333333,
        2.066666666666667,
        2.1,
        2.1333333333333333,
        2.1666666666666665,
        2.2,
        2.2333333333333334,
        2.2666666666666666,
        2.3,
        2.3333333333333335,
        2.3666666666666667,
        2.4
      ],
      "y_position_m": [
        6.565437235498346,
        6.5560948987550045,
        6.529042727390885,
        6.475576695405175,
        6.407402418711032,
        6.317997527935595,
        6.304645043910264,
        6.25100819628783,
        6.215634440010512,
        6.1692460018031126,
        6.141894261750482,
        6.136655411198317,
        6.137939917590281,
        6.121082765928869,
        6.071228392412681,
        6.047609017308411,
        6.026449962281958,
        5.997132502984815,
        5.981702124726826,
        5.96551235009355,
        5.923190952604716,
        5.929966947552964,
        5.948059732437996,
        5.957490303318602,
        5.961140627290336,
        5.963996628403079,
        5.974978259744795,
        5.9750621233749195,
        5.970574642600089,
        5.954910366623918,
        5.950145100522311,
        5.948312730028884,
        5.955428707585147,
        5.97295983181533,
        5.99632906409863,
        6.020772533505237,
        6.03251438106239,
        6.039636166669894,
        6.063241962062371,
        6.096560144767076,
        6.129907427937307,
        6.176524648644527,
        6.199465271990376,
        6.237616617737479,
        6.27763682838896,
        6.299193936553969,
        6.320579348888865,
        6.322459443999079,
        6.318216993164088,
        6.315407650228567,
        6.311733457484437,
        6.310225506937356,
        6.320659181272366,
        6.332020746839047,
        6.340127557472962,
        6.3674498925381675,
        6.378335042801262,
        6.381102750544396,
        6.3879535506249905,
        6.411825570878258,
        6.443586180752793,
        6.449651145687983,
        6.456333497656476,
        6.458462733848631,
        6.459106922509859,
        6.459696607579812,
        6.4592835688916335,
        6.466845835285079,
        6.485375514859197,
        6.4898820304358935,
        6.491289272988544,
        0.0,
        28.83925407183925
      ],
      "x_position_m": [
        1.516336383646169,
        1.5186711394015306,
        1.5230409596676058,
        1.531278365442247,
        1.5426406810058835,
        1.5575091665212202,
        1.5605297542247667,
        1.5713818236159112,
        1.5770651348444336,
        1.5837776999049564,
        1.587861697145046,
        1.589443119024626,
        1.5900605183993863,
        1.592930085624155,
        1.6012859881504737,
        1.6057569712598292,
        1.6095168575788648,
        1.6144167137921384,
        1.6172775183579986,
        1.6206843460163058,
        1.6270795422280286,
        1.6285847520683645,
        1.6289652769204876,
        1.6295549262903437,
        1.6302001989186057,
        1.6313785808133257,
        1.6337850104347886,
        1.6367620412077495,
        1.6404678831072481,
        1.6445818627641315,
        1.6465423931760317,
        1.647338633809764,
        1.6481069526393286,
        1.649563706898089,
        1.6470098154290085,
        1.642939468401183,
        1.6408185633417123,
        1.6394934500192058,
        1.6353315155400034,
        1.6299247764680733,
        1.6244604174711978,
        1.6171576426195409,
        1.614144164434349,
        1.6106999522345524,
        1.609747331069643,
        1.6084505502677764,
        1.6079150196138154,
        1.6086271631718838,
        1.6095423172856251,
        1.6099842059784493,
        1.610352875459586,
        1.6101193062588588,
        1.6067948291897312,
        1.6038561280887857,
        1.6021758775285746,
        1.5970921976237884,
        1.5939528854516716,
        1.592703607915039,
        1.5911644273114862,
        1.587168917750317,
        1.5825163436469394,
        1.5816354251810973,
        1.580663885853808,
        1.58039643373345,
        1.580345588943333,
        1.5803553820379022,
        1.5804217484744283,
        1.5791355360360382,
        1.5763210367113822,
        1.5757604782650363,
        1.5755970258982144,
        0.0,
        -2.7294993312952767
      ],
      "status": [
        "climbing",
        "climbing",
        "climbing",
        "climbing",
        "climbing",
        "climbing",
        "climbing",
        "climbing",
        "climbing",
        "climbing",
        "climbing",
        "climbing",
        "climbing",
        "climbing",
        "climbing",
        "climbing",
        "climbing",
        "climbing",
        "climbing",
        "climbing",
        "climbing",
        "climbing",
        "climbing",
        "climbing",
        "climbing",
        "climbing",
        "climbing",
        "climbing",
        "climbing",
        "climbing",
        "climbing",
        "climbing",
        "climbing",
        "climbing",
        "climbing",
        "climbing",
        "climbing",
        "climbing",
        "climbing",
        "climbing",
        "climbing",
        "climbing",
        "climbing",
        "climbing",
        "climbing",
        "climbing",
        "climbing",
        "climbing",
        "climbing",
        "climbing",
        "climbing",
        "climbing",
        "climbing",
        "climbing",
        "climbing",
        "climbing",
        "climbing",
        "climbing",
        "climbing",
        "climbing",
        "climbing",
        "climbing",
        "climbing",
        "climbing",
        "climbing",
        "climbing",
        "climbing",
        "climbing",
        "climbing",
        "climbing",
        "climbing",
        "climbing",
        "finished"
      ],