{
  "left_climber": {
    "time_series": {
      "timestamps": [
        0.0,
        0.03333333333333333,
        0.06666666666666667,
        0.1,
        0.13333333333333333,
        0.16666666666666666,
        0.2,
        0.23333333333333334,
        0.26666666666666666,
        0.3,
        0.3333333333333333,
        0.36666666666666664,
        0.4,
        0.43333333333333335,
        0.4666666666666667,
        0.5
      ],
      "y_position_m": [
        3.326971400143047,
        -1.0865189449881603,
        0.0,
        0.0,
        0.0,
        0.0,
        0.0,
        0.0,
        0.0,
        0.0,
        0.0,
        0.0,
        0.0,
        0.0,
        0.0,
        0.0
      ],
      "x_position_m": [
        1.6740605825166122,
        1.7352250928083137,
        0.0,
        0.0,
        0.0,
        0.0,
        0.0,
        0.0,
        0.0,
        0.0,
        0.0,
        0.0,
        0.0,
        0.0,
        0.0,
        0.0
      ],
      "status": [
        "climbing",
        "climbing",
        "climbing",
        "climbing",
        "climbing",
        "climbing",
        "climbing",
        "climbing",
        "climbing",
        "climbing",
        "climbing",
        "climbing",
        "climbing",
        "climbing",
        "climbing",
        "out_of_frame"
      ],
      "calibration_quality": [
        0.9999999999998447,
        0.9999999999998447,
        0.9999999999998447,
        0.9999999999998447,
        0.9999999999998447,
        0.9999999999998447,
        0.9999999999998447,
        0.9999999999998447,
        0.9999999999998447,
        0.9999999999998447,
        0.9999999999998447,
        0.9999999999998447,
        0.9999999999998447,
        0.9999999999998447,
        0.9999999999998447,
        0.9999999999998447
      ]
    },
    "summary": {
      "total_time_s": 0.5,
      "total_distance_m": 4.4134903451312075,
      "avg_velocity_m_s": 8.826980690262415,
      "max_velocity_m_s": 32.59556834964481,
      "final_height_m": 0.0
    }
  },
  "right_climber": {
    "time_series": {
      "timestamps": [
        0.0,
        0.03333333333333333,
        0.06666666666666667,
        0.1,
        0.13333333333333333,
        0.16666666666666666,
        0.2,
        0.23333333333333334,
        0.26666666666666666,
        0.3,
        0.3333333333333333,
        0.36666666666666664,
        0.4,
        0.43333333333333335,
        0.4666666666666667,
        0.5
      ],
      "y_position_m": [
        -5.691069539093618,
        -11.35517684747146,
        0.0,
        0.0,
        0.0,
        0.0,
        0.0,
        0.0,
        0.0,
        0.0,
        0.0,
        0.0,
        0.0,
        0.0,
        0.0,
        0.0
      ],
      "x_position_m": [
        1.7943338485458822,
        1.8611111575676496,
        0.0,
        0.0,
        0.0,
        0.0,
        0.0,
        0.0,
        0.0,
        0.0,
        0.0,
        0.0,
        0.0,
        0.0,
        0.0,
        0.0
      ],
      "status": [
        "climbing",
        "climbing",
        "climbing",
        "climbing",
        "climbing",
        "climbing",
        "climbing",
        "climbing",
        "climbing",
        "climbing",
        "climbing",
        "climbing",
        "climbing",
        "climbing",
        "out_of_frame",
        "out_of_frame"
      ],
      "calibration_quality": [
        0.9999999999998447,
        0.9999999999998447,
        0.9999999999998447,
        0.9999999999998447,
        0.9999999999998447,
        0.9999999999998447,
        0.9999999999998447,
        0.9999999999998447,
        0.9999999999998447,
        0.9999999999998447,
        0.9999999999998447,
        0.9999999999998447,
        0.9999999999998447,
        0.9999999999998447,
        0.9999999999998447,
        0.9999999999998447
      ]
    },
    "summary": {
      "total_time_s": 0.5,
      "total_distance_m": 11.35517684747146,
      "avg_velocity_m_s": 22.71035369494292,
      "max_velocity_m_s": 340.6553054241438,
      "final_height_m": 0.0
    }
  },
  "metadata": {
    "video_path": "data\\race_segments\\zilina_2025\\Speed_finals_Zilina_2025_race039.mp4",
    "processing_date": "2025-11-20T04:48:38.752663",
    "calibration_method": "per_frame_homography",
    "units": "meters",
    "reference_point": "start_pad"
  }
}