{
  "left_climber": {
    "time_series": {
      "timestamps": [
        0.0,
        0.03333333333333333,
        0.06666666666666667,
        0.1,
        0.13333333333333333,
        0.16666666666666666,
        0.2,
        0.23333333333333334,
        0.26666666666666666,
        0.3,
        0.3333333333333333,
        0.36666666666666664,
        0.4,
        0.43333333333333335,
        0.4666666666666667,
        0.5,
        0.5333333333333333,
        0.5666666666666667,
        0.6,
        0.6333333333333333,
        0.6666666666666666,
        0.7,
        0.7333333333333333,
        0.7666666666666667,
        0.8,
        0.8333333333333334,
        0.8666666666666667,
        0.9,
        0.9333333333333333,
        0.9666666666666667,
        1.0,
        1.0333333333333334,
        1.0666666666666667,
        1.1,
        1.1333333333333333,
        1.1666666666666667,
        1.2,
        1.2333333333333334,
        1.2666666666666666,
        1.3,
        1.3333333333333333,
        1.3666666666666667,
        1.4,
        1.4333333333333333,
        1.4666666666666666,
        1.5
      ],
      "y_position_m": [
        -5.831001483262294,
        -6.253089132522369,
        -6.367117703631077,
        -6.480659940178282,
        -6.447398886131977,
        -6.438468574235598,
        -6.445784841454534,
        -6.515432512685681,
        -6.717377646877569,
        -6.790050515817455,
        -6.8868667368836185,
        -6.9842717731705966,
        -6.989537676018216,
        -6.9178839077796335,
        -6.774196616007241,
        -6.69143499819612,
        -6.651386203684226,
        -6.5783821233866435,
        -6.464338644575739,
        -6.381726673266329,
        -6.343948774804796,
        -6.305601273475569,
        -6.218485019003357,
        -6.126673593707966,
        -5.970448973625687,
        -5.762465461648237,
        -5.813393719938899,
        -5.787452027326169,
        -5.784335925576212,
        -5.9333212530660955,
        10.865629382879188,
        10.866700448045584,
        10.877621396258105,
        10.870323754523838,
        10.867217322257599,
        10.875067734339384,
        10.880035405822849,
        10.895064895592997,
        10.922618045903862,
        10.931233197650336,
        10.929079255132075,
        10.93024587912866,
        10.928955564959836,
        10.926087190489351,
        10.901679534073823,
        23.837068860112534
      ],
      "x_position_m": [
        1.2755194917781125,
        1.3200087311625261,
        1.3251572365771505,
        1.3282316556746034,
        1.3240769499983533,
        1.3129572423692208,
        1.310458581105852,
        1.312652374887204,
        1.326550125326231,
        1.3316911823942923,
        1.3411514366663932,
        1.349949933092329,
        1.3503163858908311,
        1.3467098044661496,
        1.3308478214025785,
        1.3216298584745272,
        1.3154319579130824,
        1.3070905868353764,
        1.2926178236942787,
        1.2807512109200898,
        1.2773963780755169,
        1.276048410934558,
        1.2732814531162058,
        1.2688885668457839,
        1.2682907665624121,
        1.2607432545390693,
        1.2644342561643285,
        1.2642267340675342,
        1.2641422816345302,
        1.2734164778583095,
        1.0863569412646383,
        1.086473365936137,
        1.088337720747203,
        1.086963189844843,
        1.0863832075716628,
        1.0878053232920495,
        1.0886936249207397,
        1.0913089936026983,
        1.0962855138453749,
        1.0979641867243608,
        1.0976110982974667,
        1.097828461817084,
        1.0975656154818316,
        1.0969982965328036,
        1.0926470187228565,
        -0.2611475663536027
      ],
      "status": [
        "climbing",
        "climbing",
        "climbing",
        "climbing",
        "climbing",
        "climbing",
        "climbing",
        "climbing",
        "climbing",
        "climbing",
        "climbing",
        "climbing",
        "climbing",
        "climbing",
        "climbing",
        "climbing",
        "climbing",
        "climbing",
        "climbing",
        "climbing",
        "climbing",
        "climbing",
        "climbing",
        "climbing",
        "climbing",
        "climbing",
        "climbing",
        "climbing",
        "climbing",
        "climbing",
        "climbing",
        "climbing",
        "climbing",
        "climbing",
        "climbing",
        "climbing",
        "climbing",
        "climbing",
        "climbing",
        "climbing",
        "climbing",
        "climbing",
        "climbing",
        "climbing",
        "climbing",
        "finished"
      ],
      "calibration_quality": [
        0.9999999999999925,
        0.9999999999999925,
        0.9999999999999925,
        0.9999999999999925,
        0.9999999999999925,
        0.9999999999999925,
        0.9999999999999925,
        0.9999999999999925,
        0.9999999999999925,
        0.9999999999999925,
        0.9999999999999925,
        0.9999999999999925,
        0.9999999999999925,
        0.9999999999999925,
        0.9999999999999925,
        0.9999999999999925,
        0.9999999999999925,
        0.9999999999999925,
        0.9999999999999925,
        0.9999999999999925,
        0.9999999999999925,
        0.9999999999999925,
        0.9999999999999925,
        0.9999999999999925,
        0.9999999999999925,
        0.9999999999999925,
        0.9999999999999925,
        0.9999999999999925,
        0.9999999999999925,
        0.9999999999999925,
        0.9999999999998912,
        0.9999999999998912,
        0.9999999999998912,
        0.9999999999998912,
        0.9999999999998912,
        0.9999999999998912,
        0.9999999999998912,
        0.9999999999998912,
        0.9999999999998912,
        0.9999999999998912,
        0.9999999999998912,
        0.9999999999998912,
        0.9999999999998912,
        0.9999999999998912,
        0.9999999999998912,
        0.999999999999978
      ]
    },
    "summary": {
      "total_time_s": 1.5,
      "total_distance_m": 17.920770873668552,
      "avg_velocity_m_s": 11.947180582445702,
      "max_velocity_m_s": 503.96851907835855,
      "final_height_m": 23.837068860112534
    }
  },
  "right_climber": {
    "time_series": {
      "timestamps": [
        0.0,
        0.03333333333333333,
        0.06666666666666667,
        0.1,
        0.13333333333333333,
        0.16666666666666666,
        0.2,
        0.23333333333333334,
        0.26666666666666666,
        0.3,
        0.3333333333333333,
        0.36666666666666664,
        0.4,
        0.43333333333333335,
        0.4666666666666667,
        0.5,
        0.5333333333333333,
        0.5666666666666667,
        0.6,
        0.6333333333333333,
        0.6666666666666666,
        0.7,
        0.7333333333333333,
        0.7666666666666667,
        0.8,
        0.8333333333333334,
        0.8666666666666667,
        0.9,
        0.9333333333333333,
        0.9666666666666667,
        1.0,
        1.0333333333333334,
        1.0666666666666667,
        1.1,
        1.1333333333333333,
        1.1666666666666667,
        1.2,
        1.2333333333333334,
        1.2666666666666666,
        1.3,
        1.3333333333333333,
        1.3666666666666667,
        1.4,
        1.4333333333333333,
        1.4666666666666666,
        1.5
      ],