{
  "left_climber": {
    "time_series": {
      "timestamps": [
        0.0,
        0.03333333333333333,
        0.06666666666666667,
        0.1,
        0.13333333333333333,
        0.16666666666666666,
        0.2,
        0.23333333333333334,
        0.26666666666666666,
        0.3,
        0.3333333333333333,
        0.36666666666666664,
        0.4,
        0.43333333333333335,
        0.4666666666666667
      ],
      "y_position_m": [
        0.0,
        0.0,
        -4.656710783212896,
        0.0,
        0.0,
        0.0,
        0.0,
        0.0,
        0.0,
        -3.5771995592447583,
        0.0,
        -4.440961361741698,
        0.0,
        0.0,
        0.0
      ],
      "x_position_m": [
        0.0,
        0.0,
        0.6438142233196347,
        0.0,
        0.0,
        0.0,
        0.0,
        0.0,
        0.0,
        0.661672777861519,
        0.0,
        0.6471480023454461,
        0.0,
        0.0,
        0.0
      ],
      "status": [
        "climbing",
        "climbing",
        "climbing",
        "climbing",
        "climbing",
        "climbing",
        "climbing",
        "climbing",
        "climbing",
        "climbing",
        "climbing",
        "climbing",
        "climbing",
        "climbing",
        "out_of_frame"
      ],
      "calibration_quality": [
        0.9999999999985851,
        0.9999999999985851,
        0.9999999999985851,
        0.9999999999985851,
        0.9999999999985851,
        0.9999999999985851,
        0.9999999999985851,
        0.9999999999985851,
        0.9999999999985851,
        0.9999999999985851,
        0.9999999999985851,
        0.9999999999985851,
        0.9999999999985851,
        0.9999999999985851,
        0.9999999999985851
      ]
    },
    "summary": {
      "total_time_s": 0.4666666666666667,
      "total_distance_m": 4.656710783212896,
      "avg_velocity_m_s": 9.978665964027634,
      "max_velocity_m_s": 139.70132349638683,
      "final_height_m": 0.0
    }
  },
  "right_climber": {
    "time_series": {
      "timestamps": [
        0.0,
        0.03333333333333333,
        0.06666666666666667,
        0.1,
        0.13333333333333333,
        0.16666666666666666,
        0.2,
        0.23333333333333334,
        0.26666666666666666,
        0.3,
        0.3333333333333333,
        0.36666666666666664,
        0.4,
        0.43333333333333335,
        0.4666666666666667
      ],
      "y_position_m": [
        0.0,
        0.0,
        0.0,
        0.0,
        0.0,
        0.0,
        0.0,
        0.0,
        0.0,
        0.0,
        0.0,
        0.0,
        0.0,
        0.0,
        0.0
      ],
      "x_position_m": [
        0.0,
        0.0,
        0.0,
        0.0,
        0.0,
        0.0,
        0.0,
        0.0,
        0.0,
        0.0,
        0.0,
        0.0,
        0.0,
        0.0,
        0.0
      ],
      "status": [
        "climbing",
        "climbing",
        "climbing",
        "climbing",
        "climbing",
        "climbing",
        "climbing",
        "climbing",
        "climbing",
        "climbing",
        "climbing",
        "climbing",
        "climbing",
        "climbing",
        "out_of_frame"
      ],
      "calibration_quality": [
        0.9999999999985851,
        0.9999999999985851,
        0.9999999999985851,
        0.9999999999985851,
        0.9999999999985851,
        0.9999999999985851,
        0.9999999999985851,
        0.9999999999985851,
        0.9999999999985851,
        0.9999999999985851,
        0.9999999999985851,
        0.9999999999985851,
        0.9999999999985851,
        0.9999999999985851,
        0.9999999999985851
      ]
    },
    "summary": {
      "total_time_s": 0.4666666666666667,
      "total_distance_m": 0.0,
      "avg_velocity_m_s": 0.0,
      "max_velocity_m_s": 0.0,
      "final_height_m": 0.0
    }
  },
  "metadata": {
    "video_path": "data\\race_segments\\zilina_2025\\Speed_finals_Zilina_2025_race036.mp4",
    "processing_date": "2025-11-20T04:48:20.078613",
    "calibration_method": "per_frame_homography",
    "units": "meters",
    "reference_point": "start_pad"
  }
}