{
  "left_climber": {
    "time_series": {
      "timestamps": [
        0.0,
        0.03333333333333333,
        0.06666666666666667,
        0.1,
        0.13333333333333333,
        0.16666666666666666,
        0.2,
        0.23333333333333334,
        0.26666666666666666,
        0.3,
        0.3333333333333333,
        0.36666666666666664,
        0.4,
        0.43333333333333335,
        0.4666666666666667,
        0.5,
        0.5333333333333333,
        0.5666666666666667,
        0.6,
        0.6333333333333333,
        0.6666666666666666,
        0.7,
        0.7333333333333333,
        0.7666666666666667,
        0.8,
        0.8333333333333334,
        0.8666666666666667,
        0.9,
        0.9333333333333333,
        0.9666666666666667,
        1.0,
        1.0333333333333334
      ],
      "y_position_m": [
        14.32056051387462,
        14.078438022672595,
        14.265214225422488,
        14.31180110254165,
        14.347635482614432,
        14.385420278860085,
        14.367877925046173,
        14.328307124597869,
        14.284495827225445,
        14.209561556145875,
        14.141841532749295,
        14.050235354465395,
        13.92659083704953,
        13.915483357434743,
        13.93568914890377,
        13.962320879113353,
        14.08644820585452,
        13.975103106244692,
        13.959816305117625,
        13.95535218520837,
        13.935689125154601,
        13.824832575820936,
        13.719983954748914,
        13.700248603800548,
        13.688927542637835,
        13.6595881065291,
        13.656096616743062,
        13.686036509484348,
        13.601679527584224,
        13.60274271387433,
        0.0,
        15.815379733540624
      ],
      "x_position_m": [
        1.555646239444517,
        1.5656652302753342,
        1.5644232084905834,
        1.5651165654831956,
        1.5649631026623345,
        1.5658592756119467,
        1.5670940936228748,
        1.5678191165649795,
        1.5676187332529101,
        1.5690815581793056,
        1.570006678223601,
        1.5708212464569857,
        1.5712809379790706,
        1.5713877783823456,
        1.5714937790486225,
        1.5723103741978501,
        1.5730720125710587,
        1.573839669750952,
        1.574414611185992,
        1.57415114342764,
        1.5750878755134203,
        1.5749396680178442,
        1.5751199034509766,
        1.5755150893983172,
        1.5759040319138071,
        1.5767314905149958,
        1.5765243605451145,
        1.5767677247029022,
        1.5764332767815068,
        1.5765911821676775,
        0.0,
        1.5890125406854605
      ],
      "status": [
        "climbing",
        "climbing",
        "climbing",
        "climbing",
        "climbing",
        "climbing",
        "climbing",
        "climbing",
        "climbing",
        "climbing",
        "climbing",
        "climbing",
        "climbing",
        "climbing",
        "climbing",
        "climbing",
        "climbing",
        "climbing",
        "climbing",
        "climbing",
        "climbing",
        "climbing",
        "climbing",
        "climbing",
        "climbing",
        "climbing",
        "climbing",
        "climbing",
        "climbing",
        "climbing",
        "climbing",
        "finished"
      ],
      "calibration_quality": [
        0.9999999999998447,
        0.9999999999998447,
        0.9999999999998447,
        0.9999999999998447,
        0.9999999999998447,
        0.9999999999998447,
        0.9999999999998447,
        0.9999999999998447,
        0.9999999999998447,
        0.9999999999998447,
        0.9999999999998447,
        0.9999999999998447,
        0.9999999999998447,
        0.9999999999998447,
        0.9999999999998447,
        0.9999999999998447,
        0.9999999999998447,
        0.9999999999998447,
        0.9999999999998447,
        0.9999999999998447,
        0.9999999999998447,
        0.9999999999998447,
        0.9999999999998447,
        0.9999999999998447,
        0.9999999999998447,
        0.9999999999998447,
        0.9999999999998447,
        0.9999999999998447,
        0.9999999999998447,
        0.9999999999998447,
        0.9999999999998447,
        0.9999999999998447
      ]
    },
    "summary": {
      "total_time_s": 1.0333333333333334,
      "total_distance_m": 14.385420278860085,
      "avg_velocity_m_s": 13.921374463412985,
      "max_velocity_m_s": 474.46139200621724,
      "final_height_m": 15.815379733540624
    }
  },
  "right_climber": {
    "time_series": {
      "timestamps": [
        0.0,
        0.03333333333333333,
        0.06666666666666667,
        0.1,
        0.13333333333333333,
        0.16666666666666666,
        0.2,
        0.23333333333333334,
        0.26666666666666666,
        0.3,
        0.3333333333333333,
        0.36666666666666664,
        0.4,
        0.43333333333333335,
        0.4666666666666667,
        0.5,
        0.5333333333333333,
        0.5666666666666667,
        0.6,
        0.6333333333333333,
        0.6666666666666666,
        0.7,
        0.7333333333333333,
        0.7666666666666667,
        0.8,
        0.8333333333333334,
        0.8666666666666667,
        0.9,
        0.9333333333333333,
        0.9666666666666667,
        1.0,
        1.0333333333333334
      ],
      "y_position_m": [
        14.032789045707492,
        14.167568148904136,
        14.274348936827982,
        14.345003252592914,
        14.415253248424898,
        14.408804301815204,
        14.419031075582007,
        14.303261421339515,
        14.270527340897145,
        14.204848634234313,
        14.121097469549955,
        13.960296818406238,
        13.888484640876444,
        13.927702301822938,
        13.950752836268144,
        13.993307355681688,
        13.991309265357783,
        13.924783228717015,
        13.9927270605778,
        13.97961369006346,
        13.858191273666588,
        13.772669395330599,
        13.71983115736225,
        13.700795732335397,
        13.716706235662551,
        13.70524582204236,
        13.699427075802287,
        13.643610791180649,
        13.599916894184865,
        13.585037101856264,
        0.0,
        16.172262659895456
      ],
      "x_position_m": [
        1.565434708819429,
        1.5646550695759718,
        1.5651122611832573,
        1.5644437679021947,
        1.5651794194469837,
        1.5658157376207902,
        1.566299971520386,
        1.567821365018363,
        1.5679367937023476,
        1.569025166377181,
        1.5704709263533179,
        1.5710050734553045,
        1.5712000082686688,
        1.5715678219008502,
        1.5717802522219506,
        1.5731168442049435,
        1.573746233363007,
        1.5741420354951916,
        1.5744074511172867,
        1.574900476944532,
        1.575120854356795,
        1.5749679296386712,
        1.5752428370921077,
        1.5756551281556956,
        1.576871156160357,
        1.576921363914475,
        1.576871433260376,
        1.576516923204473,
        1.5766035690645341,
        1.5771671567836147,
        0.0,
        1.5918172087586981
      ],
      "status": [
        "climbing",
        "climbing",
        "climbing",
        "climbing",
        "climbing",
        "climbing",
        "climbing",
        "climbing",
        "climbing",
        "climbing",
        "climbing",
        "climbing",
        "climbing",
        "climbing",
        "climbing",
        "climbing",
        "climbing",
        "climbing",
        "climbing",
        "climbing",
        "climbing",
        "climbing",
        "climbing",
        "climbing",
        "climbing",
        "climbing",
        "climbing",
        "climbing",
        "climbing",
        "climbing",
        "climbing",
        "finished"
      ],