{
  "left_climber": {
    "time_series": {
      "timestamps": [
        0.0,
        0.03333333333333333
      ],
      "y_position_m": [
        14.123124001268451,
        19.113893855741008
      ],
      "x_position_m": [
        0.8260339717399554,
        0.22869586649552975
      ],
      "status": [
        "climbing",
        "finished"
      ],
      "calibration_quality": [
        0.9999999999999911,
        0.9999999999999911
      ]
    },
    "summary": {
      "total_time_s": 0.03333333333333333,
      "total_distance_m": 0.0,
      "avg_velocity_m_s": 0.0,
      "max_velocity_m_s": 149.7230956341767,
      "final_height_m": 19.113893855741008
    }
  },
  "right_climber": {
    "time_series": {
      "timestamps": [
        0.0,
        0.03333333333333333
      ],
      "y_position_m": [
        21.90856489253732,
        0.0
      ],
      "x_position_m": [
        -0.09807519862765485,
        0.0
      ],
      "status": [
        "finished",
        "climbing"
      ],
      "calibration_quality": [
        0.9999999999999911,
        0.9999999999999911
      ]
    },
    "summary": {
      "total_time_s": 0.03333333333333333,
      "total_distance_m": 0.0,
      "avg_velocity_m_s": 0.0,
      "max_velocity_m_s": -657.2569467761197,
      "final_height_m": 0.0
    }
  },
  "metadata": {
    "video_path": "data\\race_segments\\zilina_2025\\Speed_finals_Zilina_2025_race010.mp4",
    "processing_date": "2025-11-20T04:45:32.149100",
    "calibration_method": "per_frame_homography",
    "units": "meters",
    "reference_point": "start_pad"
  }
}