{
  "left_climber": {
    "time_series": {
      "timestamps": [
        0.0,
        0.03333333333333333,
        0.06666666666666667,
        0.1,
        0.13333333333333333,
        0.16666666666666666,
        0.2
      ],
      "y_position_m": [
        0.0,
        13.727139549217304,
        13.724211880327408,
        13.860947323051231,
        13.944745160614636,
        14.27544789718008,
        14.47538123249298
      ],
      "x_position_m": [
        0.0,
        0.9318470923098073,
        0.932251101855526,
        0.9520478236542514,
        0.9606084285144422,
        0.9911502479416305,
        1.014944571110073
      ],
      "status": [
        "out_of_frame",
        "climbing",
        "climbing",
        "climbing",
        "climbing",
        "climbing",
        "climbing"
      ],
      "calibration_quality": [
        0.0,
        0.75,
        0.75,
        0.75,
        0.75,
        0.75,
        0.75
      ]
    },
    "summary": {
      "total_time_s": 0.2,
      "total_distance_m": 0.7511693521655722,
      "avg_velocity_m_s": 3.755846760827861,
      "max_velocity_m_s": 411.8141864765191,
      "final_height_m": 14.47538123249298
    }
  },
  "right_climber": {
    "time_series": {
      "timestamps": [
        0.0,
        0.03333333333333333,
        0.06666666666666667,
        0.1,
        0.13333333333333333,
        0.16666666666666666,
        0.2
      ],
      "y_position_m": [
        13.82604281403632,
        13.721104194887674,
        13.724822999577162,
        13.913564983658844,
        13.941944585871243,
        14.24940385307401,
        14.6969559974966
      ],
      "x_position_m": [
        0.9477040977805369,
        0.9317739025962296,
        0.9324814734271298,
        0.9579072021426501,
        0.9599745708358836,
        0.9857705644950595,
        1.0409986589853215
      ],
      "status": [
        "climbing",
        "climbing",
        "climbing",
        "climbing",
        "climbing",
        "climbing",
        "finished"
      ],
      "calibration_quality": [
        0.75,
        0.75,
        0.75,
        0.75,
        0.75,
        0.75,
        0.75
      ]
    },
    "summary": {
      "total_time_s": 0.2,
      "total_distance_m": 0.5282996581863362,
      "avg_velocity_m_s": 2.641498290931681,
      "max_velocity_m_s": 13.426564332677673,
      "final_height_m": 14.6969559974966
    }
  },
  "metadata": {
    "video_path": "data\\race_segments\\zilina_2025\\Speed_finals_Zilina_2025_race050.mp4",
    "processing_date": "2025-11-20T04:48:54.629404",
    "calibration_method": "per_frame_homography",
    "units": "meters",
    "reference_point": "start_pad"
  }
}