{
  "left_climber": {
    "time_series": {
      "timestamps": [
        0.0,
        0.03333333333333333,
        0.06666666666666667,
        0.1,
        0.13333333333333333,
        0.16666666666666666,
        0.2,
        0.23333333333333334,
        0.26666666666666666
      ],
      "y_position_m": [
        4.120337016537014,
        4.206685677338612,
        4.256966663310086,
        4.32925077285741,
        4.334292531553255,
        4.286000938707156,
        4.241916508694999,
        0.0,
        48.794705448066615
      ],
      "x_position_m": [
        1.6407764275655885,
        1.6530862850919474,
        1.6589158082891928,
        1.6579808767677655,
        1.658995799419504,
        1.662527684947612,
        1.6649738683745303,
        0.0,
        -2.8145207641660224
      ],
      "status": [
        "climbing",
        "climbing",
        "climbing",
        "climbing",
        "climbing",
        "climbing",
        "climbing",
        "climbing",
        "finished"
      ],
      "calibration_quality": [
        0.9999999999999911,
        0.9999999999999911,
        0.9999999999999911,
        0.9999999999999911,
        0.9999999999999911,
        0.9999999999999911,
        0.9999999999999911,
        0.9999999999999911,
        0.9999999999999911
      ]
    },
    "summary": {
      "total_time_s": 0.26666666666666666,
      "total_distance_m": 4.334292531553255,
      "avg_velocity_m_s": 16.253596993324706,
      "max_velocity_m_s": 1463.8411634419988,
      "final_height_m": 48.794705448066615
    }
  },
  "right_climber": {
    "time_series": {
      "timestamps": [
        0.0,
        0.03333333333333333,
        0.06666666666666667,
        0.1,
        0.13333333333333333,
        0.16666666666666666,
        0.2,
        0.23333333333333334,
        0.26666666666666666
      ],
      "y_position_m": [
        4.165618267410469,
        4.230673163832372,
        4.3073421261584475,
        4.333122529881121,
        4.319779613482394,
        4.260740187103012,
        4.241095121190316,
        -83.8128895454233,
        33.08035346845632
      ],
      "x_position_m": [
        1.6483953077513722,
        1.6556131498689017,
        1.659454930190544,
        1.6582730180211926,
        1.6601337228785962,
        1.6640170705927424,
        1.66495339724267,
        11.13673887583843,
        -1.1623234794942323
      ],
      "status": [
        "climbing",
        "climbing",
        "climbing",
        "climbing",
        "climbing",
        "climbing",
        "climbing",
        "climbing",
        "finished"
      ],
      "calibration_quality": [
        0.9999999999999911,
        0.9999999999999911,
        0.9999999999999911,
        0.9999999999999911,
        0.9999999999999911,
        0.9999999999999911,
        0.9999999999999911,
        0.9999999999999911,
        0.9999999999999911
      ]
    },
    "summary": {
      "total_time_s": 0.26666666666666666,
      "total_distance_m": 88.14601207530443,
      "avg_velocity_m_s": 330.5475452823916,
      "max_velocity_m_s": 3506.7972904163894,
      "final_height_m": 33.08035346845632
    }
  },
  "metadata": {
    "video_path": "data\\race_segments\\zilina_2025\\Speed_finals_Zilina_2025_race008.mp4",
    "processing_date": "2025-11-20T04:45:31.673329",
    "calibration_method": "per_frame_homography",
    "units": "meters",
    "reference_point": "start_pad"
  }
}