{
  "left_climber": {
    "time_series": {
      "timestamps": [
        0.0,
        0.03333333333333333,
        0.06666666666666667,
        0.1,
        0.13333333333333333,
        0.16666666666666666,
        0.2,
        0.23333333333333334,
        0.26666666666666666,
        0.3,
        0.3333333333333333,
        0.36666666666666664,
        0.4,
        0.43333333333333335,
        0.4666666666666667,
        0.5,
        0.5333333333333333,
        0.5666666666666667,
        0.6,
        0.6333333333333333,
        0.6666666666666666,
        0.7,
        0.7333333333333333,
        0.7666666666666667,
        0.8,
        0.8333333333333334,
        0.8666666666666667,
        0.9,
        0.9333333333333333,
        0.9666666666666667,
        1.0,
        1.0333333333333334,
        1.0666666666666667,
        1.1,
        1.1333333333333333,
        1.1666666666666667,
        1.2,
        1.2333333333333334,
        1.2666666666666666,
        1.3,
        1.3333333333333333,
        1.3666666666666667,
        1.4,
        1.4333333333333333,
        1.4666666666666666,
        1.5,
        1.5333333333333334,
        1.5666666666666667,
        1.6,
        1.6333333333333333,
        1.6666666666666667,
        1.7,
        1.7333333333333334,
        1.7666666666666666,
        1.8,
        1.8333333333333333,
        1.8666666666666667,
        1.9,
        1.9333333333333333,
        1.9666666666666666,
        2.0,
        2.033333333333333,
        2.066666666666667,
        2.1,
        2.1333333333333333,
        2.1666666666666665,
        2.2,
        2.2333333333333334,
        2.2666666666666666,
        2.3
      ],
      "y_position_m": [
        7.833231984081258,
        7.968665563257255,
        8.02529885688436,
        8.045450903528907,
        8.058015372223199,
        8.042488076503528,
        8.052337739571236,
        8.04215917298768,
        8.033762905391228,
        8.030609388247605,
        8.039718954434601,
        8.052613400054723,
        8.040545768792239,
        7.996601251498306,
        7.994130288459204,
        8.016230922534758,
        8.045479174149028,
        8.105327798364264,
        8.089178181278731,
        8.058035477810419,
        8.050203628220455,
        8.012888137142124,
        7.955106939375571,
        7.93832886925776,
        7.893979841140635,
        7.881464155987618,
        7.81897822675892,
        7.8046122428394815,
        7.804288603039267,
        7.8798786230549736,
        7.924890861699622,
        7.923668636817525,
        7.941653421969707,
        7.918960188727017,
        7.830878718067429,
        7.817020174843871,
        7.829618838432286,
        7.8337167541739605,
        7.8159434906157985,
        7.752462707927028,
        7.679242729493421,
        7.680188030706053,
        7.617112174886792,
        7.654996521558785,
        7.801558075351488,
        7.836034369901369,
        7.822317559950066,
        8.129522264045514,
        8.297970292537297,
        8.935444261289462,
        8.129728248357411,
        8.088339099709529,
        7.90955720983765,
        8.134463740500648,
        7.988709731260186,
        8.277170044714321,
        7.4924402330277955,
        0.0,
        0.0,
        0.0,
        0.0,
        0.0,
        0.0,
        0.0,
        0.0,
        0.0,
        0.0,
        0.0,
        0.0,
        0.0
      ],
      "x_position_m": [
        0.5574343259131074,
        0.5693675893883327,
        0.57423456760207,
        0.5760841676321153,
        0.5772353162479534,
        0.5758913277662586,
        0.5768549917485422,
        0.5760138539135777,
        0.5753211597317585,
        0.5750663508192956,
        0.5759212728597674,
        0.5770404574499366,
        0.5759225854914424,
        0.5718784856520299,
        0.5715404500466107,
        0.5734692979402263,
        0.5760202296102721,
        0.5812885105593436,
        0.5797956485858838,
        0.5769724364540952,
        0.576193213379827,
        0.5730406556802261,
        0.5681040402189498,
        0.5667148080540689,
        0.5627607589286927,
        0.5615901241647459,
        0.5560531191540432,
        0.554809415978846,
        0.5547831536164787,
        0.5615602220241911,
        0.5655421130223866,
        0.5653874254604803,
        0.5668100541558175,
        0.564648959485876,
        0.5568316179729103,
        0.5556353357875863,
        0.556814413308716,
        0.5572375496866636,
        0.5556388698583257,
        0.5497686995169093,
        0.5431301643935477,
        0.5433485839138944,
        0.537969765394608,
        0.5414980390578845,
        0.5544791269780311,
        0.557456268744602,
        0.5561976024870215,
        0.5736633793476026,
        0.5844973821484859,
        0.6384233083497406,
        0.5688807262633181,
        0.5639687165863418,
        0.5434338898520317,
        0.5657194745426647,
        0.5532903922656439,
        0.5802469719474149,
        0.5033970362870912,
        0.0,
        0.0,
        0.0,
        0.0,
        0.0,
        0.0,
        0.0,
        0.0,
        0.0,
        0.0,
        0.0,
        0.0,
        0.0
      ],
      "status": [
        "climbing",
        "climbing",
        "climbing",
        "climbing",
        "climbing",
        "climbing",
        "climbing",
        "climbing",
        "climbing",
        "climbing",
        "climbing",
        "climbing",
        "climbing",
        "climbing",
        "climbing",
        "climbing",
        "climbing",
        "climbing",
        "climbing",
        "climbing",
        "climbing",
        "climbing",
        "climbing",
        "climbing",
        "climbing",
        "climbing",
        "climbing",
        "climbing",
        "climbing",
        "climbing",
        "climbing",
        "climbing",
        "climbing",
        "climbing",
        "climbing",
        "climbing",
        "climbing",
        "climbing",
        "climbing",
        "climbing",
        "climbing",
        "climbing",
        "climbing",
        "climbing",
        "climbing",
        "climbing",
        "climbing",
        "climbing",
        "climbing",
        "climbing",
        "climbing",
        "climbing",
        "climbing",
        "climbing",
        "climbing",
        "climbing",
        "climbing",
        "climbing",
        "climbing",
        "climbing",
        "climbing",
        "climbing",
        "climbing",
        "climbing",
        "climbing",
        "climbing",
        "climbing",
        "climbing",
        "climbing",
        "out_of_frame"
      ],