{
  "left_climber": {
    "time_series": {
      "timestamps": [
        0.0,
        0.03333333333333333,
        0.06666666666666667,
        0.1,
        0.13333333333333333,
        0.16666666666666666,
        0.2,
        0.23333333333333334,
        0.26666666666666666,
        0.3,
        0.3333333333333333,
        0.36666666666666664,
        0.4,
        0.43333333333333335,
        0.4666666666666667,
        0.5,
        0.5333333333333333,
        0.5666666666666667,
        0.6,
        0.6333333333333333,
        0.6666666666666666,
        0.7,
        0.7333333333333333,
        0.7666666666666667
      ],
      "y_position_m": [
        4.142747723609058,
        4.083405028352183,
        4.086301656534086,
        4.104852666470869,
        4.121491347350129,
        4.105546323297425,
        4.05779377158586,
        4.111663123786717,
        4.116835356761854,
        4.126646607081634,
        0.0,
        0.0,
        0.0,
        0.0,
        0.0,
        0.0,
        0.0,
        0.0,
        0.0,
        0.0,
        0.0,
        0.0,
        0.0,
        0.0
      ],
      "x_position_m": [
        1.6731146090802294,
        1.6730126416003979,
        1.6739695769462566,
        1.675539220754411,
        1.6756147516884243,
        1.6726207408040876,
        1.6670173612950057,
        1.6723379227683204,
        1.6737777543607204,
        1.6756671468601663,
        0.0,
        0.0,
        0.0,
        0.0,
        0.0,
        0.0,
        0.0,
        0.0,
        0.0,
        0.0,
        0.0,
        0.0,
        0.0,
        0.0
      ],
      "status": [
        "climbing",
        "climbing",
        "climbing",
        "climbing",
        "climbing",
        "climbing",
        "climbing",
        "climbing",
        "climbing",
        "climbing",
        "climbing",
        "climbing",
        "climbing",
        "climbing",
        "climbing",
        "climbing",
        "climbing",
        "climbing",
        "climbing",
        "climbing",
        "climbing",
        "climbing",
        "climbing",
        "out_of_frame"
      ],
      "calibration_quality": [
        0.8571428571428571,
        0.8571428571428571,
        0.8571428571428571,
        0.8571428571428571,
        0.8571428571428571,
        0.8571428571428571,
        0.8571428571428571,
        0.8571428571428571,
        0.8571428571428571,
        0.8571428571428571,
        0.8571428571428571,
        0.8571428571428571,
        0.8571428571428571,
        0.8571428571428571,
        0.8571428571428571,
        0.8422068517255792,
        0.8422068517255792,
        0.8422068517255792,
        0.8422068517255792,
        0.8422068517255792,
        0.8422068517255792,
        0.8422068517255792,
        0.8422068517255792,
        0.8422068517255792
      ]
    },
    "summary": {
      "total_time_s": 0.7666666666666667,
      "total_distance_m": 4.142747723609058,
      "avg_velocity_m_s": 5.403583987316162,
      "max_velocity_m_s": 1.6160805660256998,
      "final_height_m": 0.0
    }
  },
  "right_climber": {
    "time_series": {
      "timestamps": [
        0.0,
        0.03333333333333333,
        0.06666666666666667,
        0.1,
        0.13333333333333333,
        0.16666666666666666,
        0.2,
        0.23333333333333334,
        0.26666666666666666,
        0.3,
        0.3333333333333333,
        0.36666666666666664,
        0.4,
        0.43333333333333335,
        0.4666666666666667,
        0.5,
        0.5333333333333333,
        0.5666666666666667,
        0.6,
        0.6333333333333333,
        0.6666666666666666,
        0.7,
        0.7333333333333333,
        0.7666666666666667
      ],
      "y_position_m": [
        4.0825631320286915,
        4.085362043680365,
        4.089023123487529,
        4.117481602828421,
        4.114561374485,
        4.000030807572568,
        4.1002438776020345,
        4.1144063337465155,
        4.121436735556694,
        4.128713212465655,
        0.0,
        0.0,
        0.0,
        0.0,
        0.0,
        0.0,
        0.0,
        0.0,
        0.0,
        0.0,
        0.0,
        0.0,
        0.0,
        0.0
      ],
      "x_position_m": [
        1.6714052052868862,
        1.673684948456987,
        1.6745428246179404,
        1.675724346818096,
        1.6741058977704621,
        1.6651426766255493,
        1.671415049952191,
        1.6730881942770879,
        1.6745360991603961,
        1.6765677312154188,
        0.0,
        0.0,
        0.0,
        0.0,
        0.0,
        0.0,
        0.0,
        0.0,
        0.0,
        0.0,
        0.0,
        0.0,
        0.0,
        0.0
      ],
      "status": [
        "climbing",
        "climbing",
        "climbing",
        "climbing",
        "climbing",
        "climbing",
        "climbing",
        "climbing",
        "climbing",
        "climbing",
        "climbing",
        "climbing",
        "climbing",
        "climbing",
        "climbing",
        "climbing",
        "climbing",
        "climbing",
        "climbing",
        "climbing",
        "climbing",
        "climbing",
        "out_of_frame",
        "out_of_frame"
      ],
      "calibration_quality": [
        0.8571428571428571,
        0.8571428571428571,
        0.8571428571428571,
        0.8571428571428571,
        0.8571428571428571,
        0.8571428571428571,
        0.8571428571428571,
        0.8571428571428571,
        0.8571428571428571,
        0.8571428571428571,
        0.8571428571428571,
        0.8571428571428571,
        0.8571428571428571,
        0.8571428571428571,
        0.8571428571428571,
        0.8422068517255792,
        0.8422068517255792,
        0.8422068517255792,
        0.8422068517255792,
        0.8422068517255792,
        0.8422068517255792,
        0.8422068517255792,
        0.8422068517255792,
        0.8422068517255792
      ]
    },
    "summary": {
      "total_time_s": 0.7666666666666667,
      "total_distance_m": 4.128713212465655,
      "avg_velocity_m_s": 5.385278103216072,
      "max_velocity_m_s": 3.0063921008840016,
      "final_height_m": 0.0
    }
  },
  "metadata": {
    "video_path": "data\\race_segments\\zilina_2025\\Speed_finals_Zilina_2025_race054.mp4",
    "processing_date": "2025-11-20T04:49:04.442114",
    "calibration_method": "per_frame_homography",
    "units": "meters",
    "reference_point": "start_pad"
  }
}