{
  "left_climber": {
    "time_series": {
      "timestamps": [
        0.0,
        0.03333333333333333,
        0.06666666666666667,
        0.1,
        0.13333333333333333,
        0.16666666666666666,
        0.2,
        0.23333333333333334,
        0.26666666666666666,
        0.3,
        0.3333333333333333,
        0.36666666666666664,
        0.4
      ],
      "y_position_m": [
        0.0,
        0.0,
        0.0,
        0.0,
        0.0,
        0.0,
        0.0,
        0.0,
        0.0,
        0.0,
        10.60266013987999,
        0.0,
        0.0
      ],
      "x_position_m": [
        0.0,
        0.0,
        0.0,
        0.0,
        0.0,
        0.0,
        0.0,
        0.0,
        0.0,
        0.0,
        1.556958550344055,
        0.0,
        0.0
      ],
      "status": [
        "climbing",
        "climbing",
        "climbing",
        "climbing",
        "climbing",
        "climbing",
        "climbing",
        "climbing",
        "climbing",
        "climbing",
        "climbing",
        "climbing",
        "out_of_frame"
      ],
      "calibration_quality": [
        0.9999999999998447,
        0.9999999999998447,
        0.9999999999998447,
        0.9999999999998447,
        0.9999999999998447,
        0.9999999999998447,
        0.9999999999998447,
        0.9999999999998447,
        0.9999999999998447,
        0.9999999999998447,
        0.9999999999998447,
        0.9999999999998447,
        0.9999999999998447
      ]
    },
    "summary": {
      "total_time_s": 0.4,
      "total_distance_m": 10.60266013987999,
      "avg_velocity_m_s": 26.506650349699974,
      "max_velocity_m_s": 318.0798041963998,
      "final_height_m": 0.0
    }
  },
  "right_climber": {
    "time_series": {
      "timestamps": [
        0.0,
        0.03333333333333333,
        0.06666666666666667,
        0.1,
        0.13333333333333333,
        0.16666666666666666,
        0.2,
        0.23333333333333334,
        0.26666666666666666,
        0.3,
        0.3333333333333333,
        0.36666666666666664,
        0.4
      ],
      "y_position_m": [
        0.0,
        0.0,
        0.0,
        0.0,
        0.0,
        0.0,
        0.0,
        0.0,
        0.0,
        0.0,
        0.0,
        0.0,
        0.0
      ],
      "x_position_m": [
        0.0,
        0.0,
        0.0,
        0.0,
        0.0,
        0.0,
        0.0,
        0.0,
        0.0,
        0.0,
        0.0,
        0.0,
        0.0
      ],
      "status": [
        "climbing",
        "climbing",
        "climbing",
        "climbing",
        "climbing",
        "climbing",
        "climbing",
        "climbing",
        "climbing",
        "climbing",
        "climbing",
        "climbing",
        "out_of_frame"
      ],
      "calibration_quality": [
        0.9999999999998447,
        0.9999999999998447,
        0.9999999999998447,
        0.9999999999998447,
        0.9999999999998447,
        0.9999999999998447,
        0.9999999999998447,
        0.9999999999998447,
        0.9999999999998447,
        0.9999999999998447,
        0.9999999999998447,
        0.9999999999998447,
        0.9999999999998447
      ]
    },
    "summary": {
      "total_time_s": 0.4,
      "total_distance_m": 0.0,
      "avg_velocity_m_s": 0.0,
      "max_velocity_m_s": 0.0,
      "final_height_m": 0.0
    }
  },
  "metadata": {
    "video_path": "data\\race_segments\\zilina_2025\\Speed_finals_Zilina_2025_race045.mp4",
    "processing_date": "2025-11-20T04:48:51.846006",
    "calibration_method": "per_frame_homography",
    "units": "meters",
    "reference_point": "start_pad"
  }
}