{
  "left_climber": {
    "time_series": {
      "timestamps": [
        0.0,
        0.03333333333333333,
        0.06666666666666667,
        0.1,
        0.13333333333333333,
        0.16666666666666666,
        0.2,
        0.23333333333333334,
        0.26666666666666666,
        0.3,
        0.3333333333333333,
        0.36666666666666664,
        0.4,
        0.43333333333333335,
        0.4666666666666667,
        0.5,
        0.5333333333333333,
        0.5666666666666667,
        0.6,
        0.6333333333333333,
        0.6666666666666666,
        0.7,
        0.7333333333333333,
        0.7666666666666667,
        0.8,
        0.8333333333333334,
        0.8666666666666667,
        0.9,
        0.9333333333333333,
        0.9666666666666667,
        1.0,
        1.0333333333333334,
        1.0666666666666667,
        1.1,
        1.1333333333333333,
        1.1666666666666667,
        1.2,
        1.2333333333333334,
        1.2666666666666666,
        1.3,
        1.3333333333333333,
        1.3666666666666667,
        1.4,
        1.4333333333333333,
        1.4666666666666666,
        1.5,
        1.5333333333333334,
        1.5666666666666667,
        1.6,
        1.6333333333333333,
        1.6666666666666667,
        1.7,
        1.7333333333333334,
        1.7666666666666666,
        1.8,
        1.8333333333333333,
        1.8666666666666667,
        1.9,
        1.9333333333333333,
        1.9666666666666666,
        2.0,
        2.033333333333333,
        2.066666666666667,
        2.1,
        2.1333333333333333,
        2.1666666666666665,
        2.2,
        2.2333333333333334,
        2.2666666666666666,
        2.3,
        2.3333333333333335,
        2.3666666666666667,
        2.4,
        2.433333333333333,
        2.466666666666667,
        2.5,
        2.533333333333333,
        2.566666666666667,
        2.6
      ],
      "y_position_m": [
        0.0,
        12.311092537446028,
        12.334576615889231,
        12.254601225968894,
        12.172239932484066,
        12.171807141252927,
        12.153652686673896,
        12.125631518449127,
        12.109724409455584,
        12.09275779354856,
        12.087468065563842,
        12.085149520956481,
        12.087422220528483,
        12.087111294468322,
        12.150795860989893,
        12.175376384856696,
        12.164654034147242,
        12.12776150988763,
        12.11038050305088,
        12.0839859793853,
        12.101350815464349,
        12.216547361948477,
        12.240998544086313,
        12.218076076776146,
        12.199858659096764,
        12.224488498685789,
        12.27068827374042,
        12.210072580220144,
        12.160121710763102,
        12.014439258680929,
        11.962305484735046,
        11.85576425465605,
        0.0,
        0.0,
        8.760003538762035,
        8.778744655029739,
        8.778657754293551,
        8.76913449317704,
        8.759469653005063,
        8.729249574518725,
        8.703652568057668,
        8.708652250238217,
        8.695865652076831,
        8.680921308675304,
        8.638014665940421,
        8.633750441376202,
        8.673362879003626,
        8.685508355497007,
        8.67790757197427,
        8.756223773827873,
        8.750921579740593,
        8.658519856982057,
        8.569080104804025,
        8.453529486262937,
        8.424214455676529,
        8.27081066038666,
        7.850057806444961,
        7.3400649231566675,
        6.699471185101352,
        5.114586241107688,
        5.22094888068844,
        1.4675669752305782,
        1.231375012712359,
        -4.127800811105371,
        -34.16077863336193,
        61.8871852591946,
        0.0,
        0.0,
        0.0,
        0.0,
        0.0,
        0.0,
        0.0,
        0.0,
        0.0,
        0.0,
        0.0,
        0.0,
        0.0
      ],
      "x_position_m": [
        0.0,
        0.7777895101401822,
        0.7770581779997698,
        0.7778845224216656,
        0.7793075891827653,
        0.7796493062769347,
        0.78025907958976,
        0.7811881664418722,
        0.7817303742191983,
        0.7822418270246003,
        0.7823913437051035,
        0.7824514241521311,
        0.7824435237955685,
        0.7824788942631136,
        0.7816412127502286,
        0.7812536026943762,
        0.7814381281671376,
        0.7823601253238965,
        0.7828507599806683,
        0.7836626577191758,
        0.7836036152442566,
        0.7818578152276786,
        0.7815354473615898,
        0.7819355159933102,
        0.7821795686766325,
        0.7818478340072104,
        0.7818473135334048,
        0.7833643255470274,
        0.784595015836744,
        0.7890620878992002,
        0.7900368039218602,
        0.7925106789300729,
        0.0,
        0.0,
        0.7885003974218453,
        0.7888920665679616,
        0.7887667488533605,
        0.7878773245395014,
        0.7867110993547523,
        0.7849509034392641,
        0.783412077303974,
        0.7809954703887243,
        0.7803924971131763,
        0.7780347008638617,
        0.7737142577698709,
        0.7699893051575278,
        0.7664461498131533,
        0.7631455309639951,
        0.7628115980918295,
        0.7625289458961885,
        0.7605116175783957,
        0.754742327832955,
        0.7486236970324652,
        0.743709041884194,
        0.7431124223402774,
        0.7361130333314615,
        0.7204789549953334,
        0.7005908476619223,
        0.6726032943723744,
        0.6126614025308309,
        0.6142896275765558,
        0.4581227256290842,
        0.44873860097556556,
        0.23665369098340922,
        -0.9509692593664815,
        2.8875241342909748,
        0.0,
        0.0,
        0.0,
        0.0,
        0.0,
        0.0,
        0.0,
        0.0,
        0.0,
        0.0,
        0.0,
        0.0,
        0.0
      ],
      "status": [
        "climbing",
        "climbing",
        "climbing",
        "climbing",
        "climbing",
        "climbing",
        "climbing",
        "climbing",
        "climbing",
        "climbing",
        "climbing",
        "climbing",
        "climbing",
        "climbing",
        "climbing",
        "climbing",
        "climbing",
        "climbing",
        "climbing",
        "climbing",
        "climbing",
        "climbing",
        "climbing",
        "climbing",
        "climbing",
        "climbing",
        "climbing",
        "climbing",
        "climbing",
        "climbing",
        "climbing",
        "climbing",
        "climbing",
        "climbing",
        "climbing",
        "climbing",
        "climbing",
        "climbing",
        "climbing",
        "climbing",
        "climbing",
        "climbing",
        "climbing",
        "climbing",
        "climbing",
        "climbing",
        "climbing",
        "climbing",
        "climbing",
        "climbing",
        "climbing",
        "climbing",
        "climbing",
        "climbing",
        "climbing",
        "climbing",
        "climbing",
        "climbing",
        "climbing",
        "climbing",
        "climbing",
        "climbing",
        "climbing",
        "climbing",
        "climbing",
        "finished",
        "climbing",
        "climbing",
        "climbing",
        "climbing",
        "climbing",
        "climbing",
        "climbing",
        "climbing",
        "climbing",
        "climbing",
        "climbing",
        "climbing",
        "out_of_frame"
      ],