{
  "left_climber": {
    "time_series": {
      "timestamps": [
        0.0,
        0.03333333333333333
      ],
      "y_position_m": [
        10.034066331330974,
        0.0
      ],
      "x_position_m": [
        1.381603572342038,
        0.0
      ],
      "status": [
        "climbing",
        "out_of_frame"
      ],
      "calibration_quality": [
        0.9886651488766509,
        0.9886651488766509
      ]
    },
    "summary": {
      "total_time_s": 0.03333333333333333,
      "total_distance_m": 0.0,
      "avg_velocity_m_s": 0.0,
      "max_velocity_m_s": -301.02198993992926,
      "final_height_m": 0.0
    }
  },
  "right_climber": {
    "time_series": {
      "timestamps": [
        0.0,
        0.03333333333333333
      ],
      "y_position_m": [
        10.004640194060672,
        0.0
      ],
      "x_position_m": [
        1.3857994247187826,
        0.0
      ],
      "status": [
        "climbing",
        "out_of_frame"
      ],
      "calibration_quality": [
        0.9886651488766509,
        0.9886651488766509
      ]
    },
    "summary": {
      "total_time_s": 0.03333333333333333,
      "total_distance_m": 0.0,
      "avg_velocity_m_s": 0.0,
      "max_velocity_m_s": -300.13920582182016,
      "final_height_m": 0.0
    }
  },
  "metadata": {
    "video_path": "data\\race_segments\\zilina_2025\\Speed_finals_Zilina_2025_race063.mp4",
    "processing_date": "2025-11-20T04:50:55.697877",
    "calibration_method": "per_frame_homography",
    "units": "meters",
    "reference_point": "start_pad"
  }
}