{
  "left_climber": {
    "time_series": {
      "timestamps": [
        0.0,
        0.03333333333333333,
        0.06666666666666667,
        0.1,
        0.13333333333333333,
        0.16666666666666666,
        0.2,
        0.23333333333333334,
        0.26666666666666666,
        0.3,
        0.3333333333333333,
        0.36666666666666664,
        0.4,
        0.43333333333333335,
        0.4666666666666667,
        0.5,
        0.5333333333333333,
        0.5666666666666667,
        0.6,
        0.6333333333333333,
        0.6666666666666666,
        0.7,
        0.7333333333333333,
        0.7666666666666667,
        0.8,
        0.8333333333333334,
        0.8666666666666667,
        0.9,
        0.9333333333333333,
        0.9666666666666667,
        1.0,
        1.0333333333333334,
        1.0666666666666667,
        1.1,
        1.1333333333333333,
        1.1666666666666667,
        1.2,
        1.2333333333333334,
        1.2666666666666666,
        1.3,
        1.3333333333333333,
        1.3666666666666667,
        1.4,
        1.4333333333333333,
        1.4666666666666666,
        1.5,
        1.5333333333333334,
        1.5666666666666667,
        1.6,
        1.6333333333333333,
        1.6666666666666667,
        1.7,
        1.7333333333333334
      ],
      "y_position_m": [
        12.304579521922049,
        12.298027097298682,
        12.296293654467954,
        12.292893398433229,
        12.287448037370655,
        12.284012639570033,
        12.277911019070835,
        12.27675863200725,
        12.278802459088077,
        12.279221499773625,
        12.277701087673607,
        12.275813508384413,
        12.27531001259995,
        12.275585031519729,
        12.27596925423742,
        12.275586185300112,
        12.273762877837523,
        12.272187228064984,
        12.270915958361739,
        12.270142014421852,
        12.270977983503446,
        12.27040305533105,
        12.268970600357532,
        12.265843844207275,
        12.264071358573823,
        12.26099783816712,
        12.260285329658513,
        12.259059165223054,
        12.256650027205684,
        12.25599277896469,
        12.253128932926495,
        12.251976548000112,
        12.25184709160366,
        12.260567772269916,
        12.28828869494425,
        12.315594483751523,
        12.332060036462316,
        12.353384123417582,
        12.355680759380238,
        12.258253336259267,
        0.0,
        0.0,
        0.0,
        0.0,
        0.0,
        0.0,
        0.0,
        0.0,
        0.0,
        0.0,
        0.0,
        0.0,
        0.0
      ],
      "x_position_m": [
        1.5703276025300754,
        1.5704653942590385,
        1.5705581767081371,
        1.5705903042483198,
        1.5706149367071707,
        1.5706461877626523,
        1.5707362620355143,
        1.570756766387433,
        1.570699824537611,
        1.5706850569122974,
        1.5707042783581557,
        1.5707288801999923,
        1.5707284210024282,
        1.5707134927820903,
        1.5706987219452768,
        1.570697591011878,
        1.5707064479196733,
        1.5707337263083065,
        1.5707502843638053,
        1.5707555723644229,
        1.5707278784585172,
        1.5707375501108791,
        1.5707694638262308,
        1.5708410703901445,
        1.570877288973589,
        1.570917578334765,
        1.5709291492756505,
        1.5709297764251553,
        1.5709664395144436,
        1.5709635597535652,
        1.5709949007300574,
        1.5710662408054885,
        1.571090002372704,
        1.5709711352677518,
        1.5705477727825696,
        1.5699568650912614,
        1.56951709651168,
        1.568863479674831,
        1.568778537573338,
        1.5696355805943663,
        0.0,
        0.0,
        0.0,
        0.0,
        0.0,
        0.0,
        0.0,
        0.0,
        0.0,
        0.0,
        0.0,
        0.0,
        0.0
      ],
      "status": [
        "climbing",
        "climbing",
        "climbing",
        "climbing",
        "climbing",
        "climbing",
        "climbing",
        "climbing",
        "climbing",
        "climbing",
        "climbing",
        "climbing",
        "climbing",
        "climbing",
        "climbing",
        "climbing",
        "climbing",
        "climbing",
        "climbing",
        "climbing",
        "climbing",
        "climbing",
        "climbing",
        "climbing",
        "climbing",
        "climbing",
        "climbing",
        "climbing",
        "climbing",
        "climbing",
        "climbing",
        "climbing",
        "climbing",
        "climbing",
        "climbing",
        "climbing",
        "climbing",
        "climbing",
        "climbing",
        "climbing",
        "climbing",
        "climbing",
        "climbing",
        "climbing",
        "climbing",
        "climbing",
        "climbing",
        "climbing",
        "climbing",
        "climbing",
        "climbing",
        "climbing",
        "out_of_frame"
      ],
      "calibration_quality": [
        0.9999999999998447,
        0.9999999999998447,
        0.9999999999998447,
        0.9999999999998447,
        0.9999999999998447,
        0.9999999999998447,
        0.9999999999998447,
        0.9999999999998447,
        0.9999999999998447,
        0.9999999999998447,
        0.9999999999998447,
        0.9999999999998447,
        0.9999999999998447,
        0.9999999999998447,
        0.9999999999998447,
        0.9999999999998447,
        0.9999999999998447,
        0.9999999999998447,
        0.9999999999998447,
        0.9999999999998447,
        0.9999999999998447,
        0.9999999999998447,
        0.9999999999998447,
        0.9999999999998447,
        0.9999999999998447,
        0.9999999999998447,
        0.9999999999998447,
        0.9999999999998447,
        0.9999999999998447,
        0.9999999999998447,
        0.9999999999998447,
        0.9999999999998447,
        0.9999999999998447,
        0.9999999999998447,
        0.9999999999998447,
        0.9999999999998447,
        0.9999999999998447,
        0.9999999999998447,
        0.9999999999998447,
        0.9999999999998447,
        0.9999999999998447,
        0.9999999999998447,
        0.9999999999998447,
        0.9999999999998447,
        0.9999999999998447,
        0.9999999999998447,
        0.9999999999998447,
        0.9999999999998447,
        0.9999999999998447,
        0.9999999999998447,
        0.9999999999998447,
        0.9999999999998447,
        0.9999999999998447
      ]
    },
    "summary": {
      "total_time_s": 1.7333333333333334,
      "total_distance_m": 12.355680759380238,
      "avg_velocity_m_s": 7.128277361180906,
      "max_velocity_m_s": 0.8316276802300168,
      "final_height_m": 0.0
    }
  },