{
  "left_climber": {
    "time_series": {
      "timestamps": [
        0.0,
        0.03333333333333333,
        0.06666666666666667,
        0.1,
        0.13333333333333333,
        0.16666666666666666,
        0.2,
        0.23333333333333334,
        0.26666666666666666,
        0.3,
        0.3333333333333333,
        0.36666666666666664,
        0.4,
        0.43333333333333335,
        0.4666666666666667,
        0.5,
        0.5333333333333333,
        0.5666666666666667,
        0.6,
        0.6333333333333333,
        0.6666666666666666,
        0.7,
        0.7333333333333333,
        0.7666666666666667,
        0.8,
        0.8333333333333334,
        0.8666666666666667,
        0.9,
        0.9333333333333333,
        0.9666666666666667,
        1.0,
        1.0333333333333334,
        1.0666666666666667,
        1.1,
        1.1333333333333333,
        1.1666666666666667,
        1.2,
        1.2333333333333334,
        1.2666666666666666,
        1.3,
        1.3333333333333333,
        1.3666666666666667,
        1.4,
        1.4333333333333333,
        1.4666666666666666
      ],
      "y_position_m": [
        -45.6068474355491,
        -36.90266398109088,
        -35.403239675656486,
        -35.80876522177219,
        -36.88954464822792,
        -35.222889254394055,
        -38.03729320421187,
        -36.28469429032312,
        -34.54088489575531,
        -39.61603296488334,
        -42.90876415133006,
        -38.753013105931224,
        -34.65747732468749,
        -16.67526763771539,
        -7.2504880540669605,
        0.0,
        0.0,
        6.700221139093968,
        6.738253586785512,
        6.765261754147613,
        6.864494669744411,
        6.9234025680605775,
        7.030438576899759,
        7.060425656317332,
        7.109678009929803,
        7.186599560258891,
        7.240198930404096,
        7.200022702313885,
        7.208075707259214,
        7.185644620460035,
        7.135195679387042,
        0.0,
        0.0,
        0.0,
        0.0,
        0.0,
        0.0,
        0.0,
        0.0,
        0.0,
        0.0,
        0.0,
        0.0,
        0.0,
        0.0
      ],
      "x_position_m": [
        13.024437128240224,
        11.161316418537924,
        10.848091567702726,
        10.941325103784477,
        11.162496240939166,
        10.79360880647091,
        11.378949775950304,
        11.010996690115398,
        10.632553198304873,
        11.690196444768924,
        12.354305197547237,
        11.484955734800971,
        10.635029139754707,
        6.871387484321565,
        4.890944741049643,
        0.0,
        0.0,
        1.6595165205644145,
        1.6499635237265704,
        1.6383066397952424,
        1.6100441865533879,
        1.5860347445544116,
        1.5516639423675227,
        1.5274914095432255,
        1.516886401042723,
        1.489210817306592,
        1.4657910289915737,
        1.4591653814079153,
        1.4451026195545071,
        1.4416055047970509,
        1.4489022319608253,
        0.0,
        0.0,
        0.0,
        0.0,
        0.0,
        0.0,
        0.0,
        0.0,
        0.0,
        0.0,
        0.0,
        0.0,
        0.0,
        0.0
      ],
      "status": [
        "climbing",
        "climbing",
        "climbing",
        "climbing",
        "climbing",
        "climbing",
        "climbing",
        "climbing",
        "climbing",
        "climbing",
        "climbing",
        "climbing",
        "climbing",
        "climbing",
        "climbing",
        "climbing",
        "climbing",
        "climbing",
        "climbing",
        "climbing",
        "climbing",
        "climbing",
        "climbing",
        "climbing",
        "climbing",
        "climbing",
        "climbing",
        "climbing",
        "climbing",
        "climbing",
        "climbing",
        "climbing",
        "climbing",
        "climbing",
        "climbing",
        "climbing",
        "climbing",
        "climbing",
        "climbing",
        "climbing",
        "climbing",
        "climbing",
        "climbing",
        "climbing",
        "out_of_frame"
      ],
      "calibration_quality": [
        0.75,
        0.75,
        0.75,
        0.75,
        0.75,
        0.75,
        0.75,
        0.75,
        0.75,
        0.75,
        0.75,
        0.75,
        0.75,
        0.75,
        0.75,
        0.0,
        0.75,
        0.75,
        0.75,
        0.75,
        0.75,
        0.75,
        0.75,
        0.75,
        0.75,
        0.75,
        0.75,
        0.75,
        0.75,
        0.75,
        0.75,
        0.75,
        0.75,
        0.75,
        0.75,
        0.75,
        0.75,
        0.75,
        0.75,
        0.75,
        0.75,
        0.75,
        0.75,
        0.75,
        0.75
      ]
    },
    "summary": {
      "total_time_s": 1.4666666666666666,
      "total_distance_m": 52.8470463659532,
      "avg_velocity_m_s": 36.03207706769536,
      "max_velocity_m_s": 539.4662906091631,
      "final_height_m": 0.0
    }
  },
  "right_climber": {
    "time_series": {
      "timestamps": [
        0.0,
        0.03333333333333333,
        0.06666666666666667,
        0.1,
        0.13333333333333333,
        0.16666666666666666,
        0.2,
        0.23333333333333334,
        0.26666666666666666,
        0.3,
        0.3333333333333333,
        0.36666666666666664,
        0.4,
        0.43333333333333335,
        0.4666666666666667,
        0.5,
        0.5333333333333333,
        0.5666666666666667,
        0.6,
        0.6333333333333333,
        0.6666666666666666,
        0.7,
        0.7333333333333333,
        0.7666666666666667,
        0.8,
        0.8333333333333334,
        0.8666666666666667,
        0.9,
        0.9333333333333333,
        0.9666666666666667,
        1.0,
        1.0333333333333334,
        1.0666666666666667,
        1.1,
        1.1333333333333333,
        1.1666666666666667,
        1.2,
        1.2333333333333334,
        1.2666666666666666,
        1.3,
        1.3333333333333333,
        1.3666666666666667,
        1.4,
        1.4333333333333333,
        1.4666666666666666
      ],
      "y_position_m": [
        -41.36043009378293,
        -38.75967644660109,
        -33.239029140863494,
        -39.087790225571965,
        -37.3010918241086,
        -36.277077892114335,
        -38.4301276607688,
        -34.99759408650602,
        -36.765307371743106,
        -42.131801952100766,
        -44.29251157142495,
        -35.96560226115352,
        -33.93277169278803,
        -13.931567749529963,
        -5.755131690018714,
        -1.4105594002325434,
        6.676171994147637,
        6.721514460452693,
        6.744009012010238,
        6.755243230723061,
        6.87790813295603,
        6.922850409850922,
        6.9914116684323115,
        7.100225828623162,
        7.112373656123311,
        7.187525706292869,
        7.256877128348398,
        7.193473180199159,
        7.237594365255306,
        7.1585286680225515,
        7.124463316314684,
        0.0,
        0.0,
        0.0,
        0.0,
        0.0,
        0.0,
        0.0,
        0.0,
        0.0,
        0.0,
        0.0,
        0.0,
        0.0,
        0.0
      ],