{
  "left_climber": {
    "time_series": {
      "timestamps": [
        0.0,
        0.03333333333333333,
        0.06666666666666667,
        0.1,
        0.13333333333333333,
        0.16666666666666666,
        0.2,
        0.23333333333333334,
        0.26666666666666666,
        0.3,
        0.3333333333333333,
        0.36666666666666664,
        0.4,
        0.43333333333333335,
        0.4666666666666667,
        0.5
      ],
      "y_position_m": [
        9.95433391074556,
        9.845481607615175,
        9.776393097765716,
        9.615223771113667,
        9.485761743705895,
        9.499502225490852,
        9.499858274536578,
        9.532928912683717,
        9.518865641392198,
        9.43107299384772,
        9.35606339781774,
        9.301647348560355,
        9.271974846123134,
        9.333072937122266,
        9.327610927008326,
        17.6555527248977
      ],
      "x_position_m": [
        1.3039896051145055,
        1.31685121376844,
        1.3247098168112132,
        1.3443152380673775,
        1.359890050050851,
        1.357760714065175,
        1.3576534832816451,
        1.3537069946433151,
        1.3547822069326296,
        1.3645171454539726,
        1.373102984475029,
        1.379033197024344,
        1.382244950224306,
        1.3745477373284047,
        1.3742984725451297,
        0.7694140741660527
      ],
      "status": [
        "climbing",
        "climbing",
        "climbing",
        "climbing",
        "climbing",
        "climbing",
        "climbing",
        "climbing",
        "climbing",
        "climbing",
        "climbing",
        "climbing",
        "climbing",
        "climbing",
        "climbing",
        "finished"
      ],
      "calibration_quality": [
        0.9999999999999911,
        0.9999999999999911,
        0.9999999999999911,
        0.9999999999999911,
        0.9999999999999911,
        0.9999999999999911,
        0.9999999999999911,
        0.9999999999999911,
        0.9999999999999911,
        0.9999999999999911,
        0.9999999999999911,
        0.9999999999999911,
        0.9999999999999911,
        0.9999999999999911,
        0.9999999999999911,
        0.9999999999999943
      ]
    },
    "summary": {
      "total_time_s": 0.5,
      "total_distance_m": 0.6823590646224265,
      "avg_velocity_m_s": 1.364718129244853,
      "max_velocity_m_s": 249.83825393668124,
      "final_height_m": 17.6555527248977
    }
  },
  "right_climber": {
    "time_series": {
      "timestamps": [
        0.0,
        0.03333333333333333,
        0.06666666666666667,
        0.1,
        0.13333333333333333,
        0.16666666666666666,
        0.2,
        0.23333333333333334,
        0.26666666666666666,
        0.3,
        0.3333333333333333,
        0.36666666666666664,
        0.4,
        0.43333333333333335,
        0.4666666666666667,
        0.5
      ],
      "y_position_m": [
        9.870843068587071,
        9.83075512242482,
        9.694024415689844,
        9.620678244134258,
        9.518687742560006,
        9.487625878129704,
        9.506503391579926,
        9.514199971746246,
        9.475635194495709,
        9.364104217496934,
        9.313591375508711,
        9.293064577427758,
        9.273675302116548,
        9.388435690171255,
        9.322026038017036,
        17.544091206840235
      ],
      "x_position_m": [
        1.3139093197491412,
        1.318598498145002,
        1.3346797865116367,
        1.3436844358483435,
        1.355786717278549,
        1.3590436753020592,
        1.3568455591324569,
        1.3559807925419858,
        1.360051968154755,
        1.3721132085057723,
        1.377934216510385,
        1.3797718465787934,
        1.3820933957706723,
        1.3676233317708042,
        1.3746400702285735,
        0.7541512072061064
      ],
      "status": [
        "climbing",
        "climbing",
        "climbing",
        "climbing",
        "climbing",
        "climbing",
        "climbing",
        "climbing",
        "climbing",
        "climbing",
        "climbing",
        "climbing",
        "climbing",
        "climbing",
        "climbing",
        "finished"
      ],
      "calibration_quality": [
        0.9999999999999911,
        0.9999999999999911,
        0.9999999999999911,
        0.9999999999999911,
        0.9999999999999911,
        0.9999999999999911,
        0.9999999999999911,
        0.9999999999999911,
        0.9999999999999911,
        0.9999999999999911,
        0.9999999999999911,
        0.9999999999999911,
        0.9999999999999911,
        0.9999999999999911,
        0.9999999999999911,
        0.9999999999999943
      ]
    },
    "summary": {
      "total_time_s": 0.5,
      "total_distance_m": 0.5971677664705233,
      "avg_velocity_m_s": 1.1943355329410466,
      "max_velocity_m_s": 246.66195506469603,
      "final_height_m": 17.544091206840235
    }
  },
  "metadata": {
    "video_path": "data\\race_segments\\zilina_2025\\Speed_finals_Zilina_2025_race011.mp4",
    "processing_date": "2025-11-20T04:45:34.031044",
    "calibration_method": "per_frame_homography",
    "units": "meters",
    "reference_point": "start_pad"
  }
}