{
  "left_climber": {
    "time_series": {
      "timestamps": [
        0.0,
        0.03333333333333333,
        0.06666666666666667,
        0.1,
        0.13333333333333333,
        0.16666666666666666,
        0.2,
        0.23333333333333334,
        0.26666666666666666,
        0.3,
        0.3333333333333333,
        0.36666666666666664,
        0.4,
        0.43333333333333335,
        0.4666666666666667,
        0.5,
        0.5333333333333333,
        0.5666666666666667,
        0.6,
        0.6333333333333333,
        0.6666666666666666,
        0.7,
        0.7333333333333333,
        0.7666666666666667,
        0.8,
        0.8333333333333334,
        0.8666666666666667,
        0.9,
        0.9333333333333333,
        0.9666666666666667,
        1.0,
        1.0333333333333334,
        1.0666666666666667,
        1.1,
        1.1333333333333333,
        1.1666666666666667,
        1.2,
        1.2333333333333334
      ],
      "y_position_m": [
        12.23298737689752,
        12.25697774885432,
        12.319356117233806,
        12.317752507550322,
        12.335862427966985,
        12.360436518299156,
        12.379459405776382,
        12.397908810625559,
        12.415684507900876,
        12.431832572291787,
        12.46035575444938,
        12.5123066887857,
        12.516696152001334,
        12.50824748075448,
        12.504609108543514,
        12.516457932555662,
        12.533134509423363,
        12.498611674532725,
        12.453242277973459,
        12.513375455532413,
        12.563938394569416,
        12.647738599085466,
        13.071725533765079,
        14.205664954639664,
        0.0,
        0.0,
        0.0,
        0.0,
        0.0,
        0.0,
        0.0,
        0.0,
        0.0,
        0.0,
        0.0,
        0.0,
        0.0,
        0.0
      ],
      "x_position_m": [
        0.9678488240861893,
        0.9638729765171508,
        0.9571128870226053,
        0.9571131191731812,
        0.9549389506725865,
        0.952369121085821,
        0.9502254113412513,
        0.9479552311916525,
        0.9460880682275794,
        0.9443893636822768,
        0.9412930172251721,
        0.9357145089211468,
        0.9352514220569559,
        0.9361037641352893,
        0.9365050254965063,
        0.9353928515918648,
        0.9337861052823724,
        0.9374756012101745,
        0.9422577742954099,
        0.9359873611891456,
        0.9305079359688331,
        0.9219044659401308,
        0.8803205263054348,
        0.7681879429080417,
        0.0,
        0.0,
        0.0,
        0.0,
        0.0,
        0.0,
        0.0,
        0.0,
        0.0,
        0.0,
        0.0,
        0.0,
        0.0,
        0.0
      ],
      "status": [
        "climbing",
        "climbing",
        "climbing",
        "climbing",
        "climbing",
        "climbing",
        "climbing",
        "climbing",
        "climbing",
        "climbing",
        "climbing",
        "climbing",
        "climbing",
        "climbing",
        "climbing",
        "climbing",
        "climbing",
        "climbing",
        "climbing",
        "climbing",
        "climbing",
        "climbing",
        "climbing",
        "climbing",
        "climbing",
        "climbing",
        "climbing",
        "climbing",
        "climbing",
        "climbing",
        "climbing",
        "climbing",
        "climbing",
        "climbing",
        "climbing",
        "climbing",
        "climbing",
        "out_of_frame"
      ],
      "calibration_quality": [
        0.9999999999999695,
        0.9999999999999695,
        0.9999999999999695,
        0.9999999999999695,
        0.9999999999999695,
        0.9999999999999695,
        0.9999999999999695,
        0.9999999999999695,
        0.9999999999999695,
        0.9999999999999695,
        0.9999999999999695,
        0.9999999999999695,
        0.9999999999999695,
        0.9999999999999695,
        0.9999999999999695,
        0.9999999999999695,
        0.9999999999999695,
        0.9999999999999695,
        0.9999999999999695,
        0.9999999999999695,
        0.9999999999999695,
        0.9999999999999695,
        0.9999999999999695,
        0.9999999999999695,
        0.9999999999999695,
        0.9999999999999695,
        0.9999999999999695,
        0.9999999999999695,
        0.9999999999999695,
        0.9999999999999695,
        0.9976176420179516,
        0.9976176420179516,
        0.9976176420179516,
        0.9976176420179516,
        0.9976176420179516,
        0.9976176420179516,
        0.9976176420179516,
        0.9976176420179516
      ]
    },
    "summary": {
      "total_time_s": 1.2333333333333334,
      "total_distance_m": 14.205664954639664,
      "avg_velocity_m_s": 11.518106719978105,
      "max_velocity_m_s": 34.01818262623744,
      "final_height_m": 0.0
    }
  },
  "right_climber": {
    "time_series": {
      "timestamps": [
        0.0,
        0.03333333333333333,
        0.06666666666666667,
        0.1,
        0.13333333333333333,
        0.16666666666666666,
        0.2,
        0.23333333333333334,
        0.26666666666666666,
        0.3,
        0.3333333333333333,
        0.36666666666666664,
        0.4,
        0.43333333333333335,
        0.4666666666666667,
        0.5,
        0.5333333333333333,
        0.5666666666666667,
        0.6,
        0.6333333333333333,
        0.6666666666666666,
        0.7,
        0.7333333333333333,
        0.7666666666666667,
        0.8,
        0.8333333333333334,
        0.8666666666666667,
        0.9,
        0.9333333333333333,
        0.9666666666666667,
        1.0,
        1.0333333333333334,
        1.0666666666666667,
        1.1,
        1.1333333333333333,
        1.1666666666666667,
        1.2,
        1.2333333333333334
      ],
      "y_position_m": [
        12.226485202461182,
        12.31881296167233,
        12.313014829210744,
        12.322345689918333,
        12.34530139617137,
        12.373514569394404,
        12.386058850115818,
        12.405855762271823,
        12.41848662193515,
        12.444106065819506,
        12.475294404617232,
        12.522538860902106,
        12.513594867611689,
        12.505358955928283,
        12.506190249655145,
        12.52786552051452,
        12.534774498349107,
        12.478294814313795,
        12.452530486546348,
        12.546136226240215,
        12.575719807895116,
        12.679541374009425,
        13.188327105304051,
        14.707970003681599,
        0.0,
        0.0,
        0.0,
        0.0,
        0.0,
        0.0,
        0.0,
        0.0,
        0.0,
        0.0,
        0.0,
        0.0,
        0.0,
        0.0
      ],
      "x_position_m": [
        0.9682118325598241,
        0.9572488070679009,
        0.9575115070480346,
        0.9566971316827948,
        0.9539044565528044,
        0.9510434079341732,
        0.9493346906463711,
        0.9471115909119486,
        0.9458064991838158,
        0.9430458285066047,
        0.9396786289877908,
        0.9346475946507484,
        0.9356094138866166,
        0.9363962818368889,
        0.9363496652141463,
        0.9342029462679305,
        0.9336695420350988,
        0.9396133163680158,
        0.9422826341694156,
        0.9324373955262004,
        0.9292463090181614,
        0.9186156630938638,
        0.8690711174547782,
        0.7194887255502009,
        0.0,
        0.0,
        0.0,
        0.0,
        0.0,
        0.0,
        0.0,
        0.0,
        0.0,
        0.0,
        0.0,
        0.0,
        0.0,
        0.0
      ],