{
  "left_climber": {
    "time_series": {
      "timestamps": [
        0.0,
        0.03333333333333333,
        0.06666666666666667,
        0.1,
        0.13333333333333333,
        0.16666666666666666,
        0.2,
        0.23333333333333334,
        0.26666666666666666,
        0.3,
        0.3333333333333333,
        0.36666666666666664,
        0.4,
        0.43333333333333335,
        0.4666666666666667,
        0.5,
        0.5333333333333333,
        0.5666666666666667,
        0.6,
        0.6333333333333333,
        0.6666666666666666,
        0.7,
        0.7333333333333333,
        0.7666666666666667,
        0.8,
        0.8333333333333334,
        0.8666666666666667,
        0.9,
        0.9333333333333333,
        0.9666666666666667,
        1.0,
        1.0333333333333334,
        1.0666666666666667,
        1.1,
        1.1333333333333333,
        1.1666666666666667,
        1.2,
        1.2333333333333334,
        1.2666666666666666,
        1.3,
        1.3333333333333333,
        1.3666666666666667
      ],
      "y_position_m": [
        -13.82827832226215,
        0.8311993555473367,
        2.1809016491837854,
        2.6440732843843557,
        2.6249709871073823,
        2.894140222112519,
        2.2963273559581276,
        2.96580995771578,
        3.2395183079044365,
        3.6407016345295315,
        3.6503947361805396,
        3.887883131896313,
        3.9246485454980853,
        3.7609190682600944,
        3.816344167842117,
        4.06239769258805,
        4.402328878835751,
        4.481610435035106,
        4.5469365659994905,
        5.083019062768274,
        5.289694648195666,
        5.380059154131704,
        5.259691644120209,
        4.6758504774973275,
        2.8916166724182157,
        2.7570541959401846,
        2.843791737706071,
        2.628812574507973,
        2.950158671008696,
        0.0,
        0.0,
        0.0,
        0.0,
        0.0,
        0.0,
        0.0,
        0.0,
        0.0,
        0.0,
        0.0,
        0.0,
        0.0
      ],
      "x_position_m": [
        -1.0013830968156423,
        0.19283301555006555,
        0.2796401973726286,
        0.32710173540903004,
        0.3234971171700907,
        0.34640310464707197,
        0.2992171096757754,
        0.35153296457861694,
        0.3722286166850155,
        0.4062662166603997,
        0.4071189298643449,
        0.4247339568845037,
        0.4314235553858884,
        0.4259726892839041,
        0.4361666989908088,
        0.4553656131935339,
        0.4843141490842723,
        0.4912778536655852,
        0.4959699439334676,
        0.5316858076400817,
        0.5488690425414815,
        0.5565754458879407,
        0.5575830499279768,
        0.5065399178515833,
        0.38402104723894726,
        0.37868415908708813,
        0.38651393931245204,
        0.3712095319628082,
        0.38871601517231175,
        0.0,
        0.0,
        0.0,
        0.0,
        0.0,
        0.0,
        0.0,
        0.0,
        0.0,
        0.0,
        0.0,
        0.0,
        0.0
      ],
      "status": [
        "climbing",
        "climbing",
        "climbing",
        "climbing",
        "climbing",
        "climbing",
        "climbing",
        "climbing",
        "climbing",
        "climbing",
        "climbing",
        "climbing",
        "climbing",
        "climbing",
        "climbing",
        "climbing",
        "climbing",
        "climbing",
        "climbing",
        "climbing",
        "climbing",
        "climbing",
        "climbing",
        "climbing",
        "climbing",
        "climbing",
        "climbing",
        "climbing",
        "climbing",
        "climbing",
        "climbing",
        "climbing",
        "climbing",
        "climbing",
        "climbing",
        "climbing",
        "climbing",
        "climbing",
        "climbing",
        "climbing",
        "climbing",
        "out_of_frame"
      ],
      "calibration_quality": [
        0.75,
        0.75,
        0.75,
        0.75,
        0.75,
        0.75,
        0.75,
        0.75,
        0.75,
        0.75,
        0.75,
        0.75,
        0.75,
        0.75,
        0.75,
        0.75,
        0.75,
        0.75,
        0.75,
        0.75,
        0.75,
        0.75,
        0.75,
        0.75,
        0.75,
        0.75,
        0.75,
        0.75,
        0.75,
        0.75,
        0.75,
        0.75,
        0.75,
        0.75,
        0.75,
        0.75,
        0.75,
        0.75,
        0.75,
        0.75,
        0.75,
        0.75
      ]
    },
    "summary": {
      "total_time_s": 1.3666666666666667,
      "total_distance_m": 19.208337476393854,
      "avg_velocity_m_s": 14.054881080288185,
      "max_velocity_m_s": 439.7843303342846,
      "final_height_m": 0.0
    }
  },
  "right_climber": {
    "time_series": {
      "timestamps": [
        0.0,
        0.03333333333333333,
        0.06666666666666667,
        0.1,
        0.13333333333333333,
        0.16666666666666666,
        0.2,
        0.23333333333333334,
        0.26666666666666666,
        0.3,
        0.3333333333333333,
        0.36666666666666664,
        0.4,
        0.43333333333333335,
        0.4666666666666667,
        0.5,
        0.5333333333333333,
        0.5666666666666667,
        0.6,
        0.6333333333333333,
        0.6666666666666666,
        0.7,
        0.7333333333333333,
        0.7666666666666667,
        0.8,
        0.8333333333333334,
        0.8666666666666667,
        0.9,
        0.9333333333333333,
        0.9666666666666667,
        1.0,
        1.0333333333333334,
        1.0666666666666667,
        1.1,
        1.1333333333333333,
        1.1666666666666667,
        1.2,
        1.2333333333333334,
        1.2666666666666666,
        1.3,
        1.3333333333333333,
        1.3666666666666667
      ],
      "y_position_m": [
        -0.5928957255535827,
        2.240209943738282,
        2.26346750963535,
        2.6649652099650396,
        2.777110055437611,
        2.508736496018722,
        2.090086094955532,
        3.176902141750477,
        3.34509252982052,
        3.671202807257984,
        3.6836516798893344,
        3.9753671300311613,
        3.7763522460380576,
        3.787301443656332,
        3.7863127417101983,
        4.279885572518561,
        4.450017525629256,
        4.556848637944358,
        4.608424453404334,
        5.178956162968181,
        5.357282642616139,
        5.4208242618434195,
        5.218753291369735,
        4.443872010513093,
        3.001547161779878,
        3.0245017476904934,
        2.5416222341969417,
        3.290273319795513,
        0.0,
        0.0,
        0.0,
        0.0,
        0.0,
        0.0,
        0.0,
        0.0,
        0.0,
        0.0,
        0.0,
        0.0,
        0.0,
        0.0
      ],
      "x_position_m": [
        0.05674316675896114,
        0.2892946142286188,
        0.2902326740596993,
        0.329250857109155,
        0.33953744210677,
        0.3164821692163348,
        0.281844301866547,
        0.36838291442535775,
        0.3842257489810055,
        0.4113223535112368,
        0.4061737061488685,
        0.4329947101756721,
        0.42719528999846207,
        0.43045236019743743,
        0.43628467395352977,
        0.47288181939462676,
        0.4897564541530036,
        0.49522765729517987,
        0.5028175722629706,
        0.5395323340835363,
        0.5465148131009963,
        0.5623743816640088,
        0.5553144705228347,
        0.48246853019931246,
        0.3905553984484406,
        0.39481709147960936,
        0.3661606278403982,
        0.4183045221538002,
        0.0,
        0.0,
        0.0,
        0.0,
        0.0,
        0.0,
        0.0,
        0.0,
        0.0,
        0.0,
        0.0,
        0.0,
        0.0,
        0.0
      ],