{
  "left_climber": {
    "time_series": {
      "timestamps": [
        0.0,
        0.03333333333333333,
        0.06666666666666667,
        0.1,
        0.13333333333333333,
        0.16666666666666666,
        0.2,
        0.23333333333333334,
        0.26666666666666666,
        0.3,
        0.3333333333333333,
        0.36666666666666664,
        0.4,
        0.43333333333333335,
        0.4666666666666667,
        0.5,
        0.5333333333333333,
        0.5666666666666667,
        0.6,
        0.6333333333333333,
        0.6666666666666666,
        0.7,
        0.7333333333333333,
        0.7666666666666667,
        0.8,
        0.8333333333333334,
        0.8666666666666667,
        0.9,
        0.9333333333333333,
        0.9666666666666667,
        1.0,
        1.0333333333333334,
        1.0666666666666667,
        1.1,
        1.1333333333333333,
        1.1666666666666667,
        1.2,
        1.2333333333333334,
        1.2666666666666666,
        1.3,
        1.3333333333333333,
        1.3666666666666667,
        1.4,
        1.4333333333333333,
        1.4666666666666666,
        1.5,
        1.5333333333333334,
        1.5666666666666667,
        1.6,
        1.6333333333333333,
        1.6666666666666667,
        1.7,
        1.7333333333333334,
        1.7666666666666666
      ],
      "y_position_m": [
        0.0,
        4.051923073492804,
        4.054710237335476,
        4.054282707715951,
        4.051913130524455,
        4.049582058663267,
        4.04643596000739,
        4.044072865785307,
        4.041535109381834,
        4.038886934102278,
        4.036198804888969,
        4.034641686526345,
        4.034443080884695,
        4.0347391973087054,
        4.03565876294968,
        4.289041022808655,
        4.289095091147248,
        4.288572505733476,
        4.288489853166059,
        4.290536587477998,
        4.292935040859867,
        4.288324227789962,
        4.2843628882174425,
        4.297086176888109,
        4.3113229436173786,
        4.311803115921586,
        4.308235911809781,
        4.289865636395646,
        4.276143244291906,
        4.271471432965357,
        4.254783244730548,
        4.229381619776392,
        4.190155802510215,
        4.142458069432239,
        4.110318491081586,
        4.120307801156434,
        4.122738833793351,
        4.183792437713197,
        4.4424679058447625,
        4.606144285203567,
        4.769683916217165,
        4.944683571243443,
        4.963727616315103,
        5.046920664964139,
        5.1443364016138275,
        -20.035101420068962,
        -21.8835631093317,
        -24.200166556177805,
        -25.416832362258408,
        -36.409242731497464,
        -57.723859141585265,
        -95.39259067924637,
        -444.72020763788146,
        213.53142444496658
      ],
      "x_position_m": [
        0.0,
        0.8513350126076514,
        0.8515515817100447,
        0.851596322822772,
        0.8515633085332429,
        0.8514888383072572,
        0.8513716197456412,
        0.8512765710829199,
        0.851175514292711,
        0.8510781593543135,
        0.8509703918452731,
        0.8509145911678104,
        0.8509148338134835,
        0.8509259816735776,
        0.8509640106103757,
        3.3214125378873347,
        3.321456205192317,
        3.3215786217249783,
        3.321622636929987,
        3.3214696874727916,
        3.321415618577811,
        3.322428571605803,
        3.323057498872334,
        3.3206042195610626,
        3.3175470040505473,
        3.316853908930595,
        3.3173194751865753,
        3.3207882598644773,
        3.321800305944001,
        3.312890986836328,
        3.310949006480096,
        3.301531380411144,
        3.2928052118243207,
        3.286194420053414,
        3.2749152208651138,
        3.2683660850781315,
        3.265843578163984,
        3.249059508946102,
        3.213721829537997,
        3.186919531012239,
        3.165625858581757,
        3.146529569361376,
        3.1421542738007906,
        3.1302294964943913,
        3.116772099979112,
        -9.423788736822052,
        -10.220438659828124,
        -11.202433792469288,
        -11.726277806172588,
        -16.529424188850804,
        -25.748215654894988,
        -41.8742652431195,
        -191.51335013472806,
        90.38218968984886
      ],
      "status": [
        "climbing",
        "climbing",
        "climbing",
        "climbing",
        "climbing",
        "climbing",
        "climbing",
        "climbing",
        "climbing",
        "climbing",
        "climbing",
        "climbing",
        "climbing",
        "climbing",
        "climbing",
        "climbing",
        "climbing",
        "climbing",
        "climbing",
        "climbing",
        "climbing",
        "climbing",
        "climbing",
        "climbing",
        "climbing",
        "climbing",
        "climbing",
        "climbing",
        "climbing",
        "climbing",
        "climbing",
        "climbing",
        "climbing",
        "climbing",
        "climbing",
        "climbing",
        "climbing",
        "climbing",
        "climbing",
        "climbing",
        "climbing",
        "climbing",
        "climbing",
        "climbing",
        "climbing",
        "climbing",
        "climbing",
        "climbing",
        "climbing",
        "climbing",
        "climbing",
        "climbing",
        "climbing",
        "finished"
      ],
      "calibration_quality": [
        0.9999999999999952,
        0.9999999999999952,
        0.9999999999999952,
        0.9999999999999952,
        0.9999999999999952,
        0.9999999999999952,
        0.9999999999999952,
        0.9999999999999952,
        0.9999999999999952,
        0.9999999999999952,
        0.9999999999999952,
        0.9999999999999952,
        0.9999999999999952,
        0.9999999999999952,
        0.9999999999999952,
        0.9999999999999967,
        0.9999999999999967,
        0.9999999999999967,
        0.9999999999999967,
        0.9999999999999967,
        0.9999999999999967,
        0.9999999999999967,
        0.9999999999999967,
        0.9999999999999967,
        0.9999999999999967,
        0.9999999999999967,
        0.9999999999999967,
        0.9999999999999967,
        0.9999999999999967,
        0.9999999999999967,
        0.9999999999999967,
        0.9999999999999967,
        0.9999999999999967,
        0.9999999999999967,
        0.9999999999999967,
        0.9999999999999967,
        0.9999999999999967,
        0.9999999999999967,
        0.9999999999999967,
        0.9999999999999967,
        0.9999999999999967,
        0.9999999999999967,
        0.9999999999999967,
        0.9999999999999967,
        0.9999999999999967,
        0.99999999999999,
        0.99999999999999,
        0.99999999999999,
        0.99999999999999,
        0.99999999999999,
        0.99999999999999,
        0.99999999999999,
        0.99999999999999,
        0.99999999999999
      ]
    },
    "summary": {
      "total_time_s": 1.7666666666666666,
      "total_distance_m": 449.8645440394953,
      "avg_velocity_m_s": 254.64030794688412,
      "max_velocity_m_s": 19747.54896248551,
      "final_height_m": 213.53142444496658
    }
  },