{
  "left_climber": {
    "time_series": {
      "timestamps": [
        0.0,
        0.03333333333333333,
        0.06666666666666667,
        0.1,
        0.13333333333333333,
        0.16666666666666666,
        0.2,
        0.23333333333333334,
        0.26666666666666666,
        0.3,
        0.3333333333333333,
        0.36666666666666664,
        0.4,
        0.43333333333333335,
        0.4666666666666667,
        0.5,
        0.5333333333333333,
        0.5666666666666667,
        0.6,
        0.6333333333333333,
        0.6666666666666666,
        0.7,
        0.7333333333333333,
        0.7666666666666667,
        0.8,
        0.8333333333333334,
        0.8666666666666667,
        0.9,
        0.9333333333333333,
        0.9666666666666667,
        1.0,
        1.0333333333333334,
        1.0666666666666667,
        1.1,
        1.1333333333333333,
        1.1666666666666667,
        1.2,
        1.2333333333333334,
        1.2666666666666666,
        1.3,
        1.3333333333333333,
        1.3666666666666667,
        1.4,
        1.4333333333333333,
        1.4666666666666666,
        1.5
      ],
      "y_position_m": [
        0.0,
        0.9645222818567896,
        0.9772529981214328,
        0.9622020622704843,
        0.9560817910604122,
        0.9227726821185147,
        0.8792742496920656,
        0.8638594101078012,
        0.8581334593271679,
        0.879095846308658,
        0.9087873632119392,
        0.8982634909062999,
        0.87573237078531,
        0.9298067940227843,
        0.9329376985226758,
        0.914132137649889,
        0.9150484277485922,
        0.9502254953981581,
        0.9585576700343437,
        0.9751869679728293,
        0.9324774678281174,
        0.8834565044305807,
        0.9113669476202915,
        0.9251935510614702,
        0.8991829044125339,
        0.8869984835246438,
        0.8555126850670627,
        0.8760706708916437,
        0.8802532107343419,
        0.8817786062595363,
        3.0266468451020145,
        3.030097317696381,
        3.103759977772681,
        3.110256131509675,
        3.094045859533855,
        0.0,
        4.0535346790400135,
        4.046402417091912,
        4.048013774127801,
        4.047577422407707,
        4.046430124078201,
        4.0455266947214685,
        4.050436582139788,
        4.073141766790781,
        4.104089163257534,
        23.09639056834645
      ],
      "x_position_m": [
        0.0,
        1.5804218362343152,
        1.5879070710334946,
        1.5894080872972842,
        1.59484907750303,
        1.5990759998325825,
        1.6006885358843495,
        1.6022201249049202,
        1.6100908084098395,
        1.6092321351489722,
        1.605408485989616,
        1.5982499296235253,
        1.5949547003296063,
        1.5983864036918891,
        1.5954797043863282,
        1.5844479214072007,
        1.579811498332723,
        1.5791759572913064,
        1.5707797264963461,
        1.5591790167841233,
        1.5334880023330486,
        1.5148917682012502,
        1.4999615703209246,
        1.5044297743656012,
        1.498273589266947,
        1.4971323415918185,
        1.4869225367532994,
        1.4895949313872818,
        1.4877392374861846,
        1.485493492909301,
        1.5379681460694705,
        1.5324560188487353,
        1.546972881778841,
        1.5468433550372904,
        1.54243600110453,
        0.0,
        1.463819693175278,
        1.4621755343136562,
        1.4570550719282191,
        1.451295467472856,
        1.4496782458503856,
        1.4452418553252766,
        1.4371953431902704,
        1.4286073266662074,
        1.4193204625476683,
        0.12208976208859346
      ],
      "status": [
        "climbing",
        "climbing",
        "climbing",
        "climbing",
        "climbing",
        "climbing",
        "climbing",
        "climbing",
        "climbing",
        "climbing",
        "climbing",
        "climbing",
        "climbing",
        "climbing",
        "climbing",
        "climbing",
        "climbing",
        "climbing",
        "climbing",
        "climbing",
        "climbing",
        "climbing",
        "climbing",
        "climbing",
        "climbing",
        "climbing",
        "climbing",
        "climbing",
        "climbing",
        "climbing",
        "climbing",
        "climbing",
        "climbing",
        "climbing",
        "climbing",
        "climbing",
        "climbing",
        "climbing",
        "climbing",
        "climbing",
        "climbing",
        "climbing",
        "climbing",
        "climbing",
        "climbing",
        "finished"
      ],
      "calibration_quality": [
        0.9999999999999934,
        0.9999999999999934,
        0.9999999999999934,
        0.9999999999999934,
        0.9999999999999934,
        0.9999999999999934,
        0.9999999999999934,
        0.9999999999999934,
        0.9999999999999934,
        0.9999999999999934,
        0.9999999999999934,
        0.9999999999999934,
        0.9999999999999934,
        0.9999999999999934,
        0.9999999999999934,
        0.9999999999999934,
        0.9999999999999934,
        0.9999999999999934,
        0.9999999999999934,
        0.9999999999999934,
        0.9999999999999934,
        0.9999999999999934,
        0.9999999999999934,
        0.9999999999999934,
        0.9999999999999934,
        0.9999999999999934,
        0.9999999999999934,
        0.9999999999999934,
        0.9999999999999934,
        0.9999999999999934,
        0.8333333333333334,
        0.8333333333333334,
        0.8333333333333334,
        0.8333333333333334,
        0.8333333333333334,
        0.8333333333333334,
        0.8333333333333334,
        0.8333333333333334,
        0.8333333333333334,
        0.8333333333333334,
        0.8333333333333334,
        0.8333333333333334,
        0.8333333333333334,
        0.8333333333333334,
        0.8333333333333334,
        0.9999999999999344
      ]
    },
    "summary": {
      "total_time_s": 1.5,
      "total_distance_m": 4.104089163257534,
      "avg_velocity_m_s": 2.736059442171689,
      "max_velocity_m_s": 569.7690421526657,
      "final_height_m": 23.09639056834645
    }
  },
  "right_climber": {
    "time_series": {
      "timestamps": [
        0.0,
        0.03333333333333333,
        0.06666666666666667,
        0.1,
        0.13333333333333333,
        0.16666666666666666,
        0.2,
        0.23333333333333334,
        0.26666666666666666,
        0.3,
        0.3333333333333333,
        0.36666666666666664,
        0.4,
        0.43333333333333335,
        0.4666666666666667,
        0.5,
        0.5333333333333333,
        0.5666666666666667,
        0.6,
        0.6333333333333333,
        0.6666666666666666,
        0.7,
        0.7333333333333333,
        0.7666666666666667,
        0.8,
        0.8333333333333334,
        0.8666666666666667,
        0.9,
        0.9333333333333333,
        0.9666666666666667,
        1.0,
        1.0333333333333334,
        1.0666666666666667,
        1.1,
        1.1333333333333333,
        1.1666666666666667,
        1.2,
        1.2333333333333334,
        1.2666666666666666,
        1.3,
        1.3333333333333333,
        1.3666666666666667,
        1.4,
        1.4333333333333333,
        1.4666666666666666,
        1.5
      ],