{
  "left_climber": {
    "time_series": {
      "timestamps": [
        0.0,
        0.03333333333333333,
        0.06666666666666667,
        0.1,
        0.13333333333333333,
        0.16666666666666666,
        0.2,
        0.23333333333333334,
        0.26666666666666666,
        0.3,
        0.3333333333333333,
        0.36666666666666664,
        0.4,
        0.43333333333333335,
        0.4666666666666667,
        0.5,
        0.5333333333333333,
        0.5666666666666667,
        0.6,
        0.6333333333333333,
        0.6666666666666666,
        0.7,
        0.7333333333333333,
        0.7666666666666667,
        0.8,
        0.8333333333333334,
        0.8666666666666667,
        0.9,
        0.9333333333333333,
        0.9666666666666667,
        1.0,
        1.0333333333333334,
        1.0666666666666667,
        1.1,
        1.1333333333333333,
        1.1666666666666667,
        1.2,
        1.2333333333333334,
        1.2666666666666666,
        1.3,
        1.3333333333333333,
        1.3666666666666667,
        1.4,
        1.4333333333333333,
        1.4666666666666666,
        1.5,
        1.5333333333333334,
        1.5666666666666667,
        1.6,
        1.6333333333333333,
        1.6666666666666667,
        1.7,
        1.7333333333333334
      ],
      "y_position_m": [
        0.0,
        11.069853676200461,
        11.170980592343692,
        11.171690575284535,
        11.183681852170864,
        11.197967857434868,
        11.211462314368003,
        11.19493544336345,
        11.197179768818028,
        11.187137470103854,
        11.169422009180149,
        11.170698775897595,
        11.165582842923106,
        11.167275597713159,
        11.14586104098486,
        11.136329399516523,
        11.123491467633094,
        11.118447998795641,
        11.089009493198388,
        11.087025177619081,
        11.087217136007272,
        11.060848242899931,
        11.046575772884793,
        11.050356672206988,
        0.0,
        10.425498627444918,
        10.421417778557425,
        10.419147213656597,
        10.41666557995297,
        10.41653838086424,
        8.64182471019932,
        8.643476169995354,
        8.643516824271037,
        8.64248459206978,
        8.641112152171159,
        8.63978341975982,
        8.63738385767016,
        8.639152813481516,
        8.658117194061957,
        8.673977111281301,
        8.685429020282328,
        8.690178168102248,
        8.702870446232161,
        8.715261081372729,
        8.721771116757958,
        7.467276787521552,
        7.4571198853503695,
        7.451222760002538,
        7.4363677991724915,
        7.374248439711341,
        0.0,
        -15.017934357741678,
        29.82742899769443
      ],
      "x_position_m": [
        0.0,
        1.4151124651203353,
        1.420352113184022,
        1.4204804310201866,
        1.4206134456142352,
        1.4212610334017626,
        1.4221313133815003,
        1.4201186919578241,
        1.4202989578396426,
        1.419462438586681,
        1.4179793274676864,
        1.4180726455527233,
        1.4176196822810847,
        1.4177667100020324,
        1.4161236624762916,
        1.415355530629625,
        1.4146879514452786,
        1.4142772057015116,
        1.411939707594668,
        1.4117983629167814,
        1.4118304368868348,
        1.4096300229742327,
        1.4083077396316432,
        1.4085999616805915,
        0.0,
        1.3578443322198857,
        1.3575434567022182,
        1.3573747022171294,
        1.3571989979450712,
        1.3571866382443638,
        0.6963725859048638,
        0.696355950105204,
        0.6963670511841954,
        0.6964025461702609,
        0.6964379543070238,
        0.69646495629927,
        0.6965255894233815,
        0.6966550139260294,
        0.6966146791496147,
        0.69655740163663,
        0.6964937295101896,
        0.6964542052557726,
        0.6963443563563616,
        0.6962277586827869,
        0.6961840434349891,
        1.5473158707854044,
        1.547879910901785,
        1.5484048843425382,
        1.5494095442614164,
        1.5540305818195266,
        0.0,
        -0.42393486967960214,
        2.956734263370048
      ],
      "status": [
        "climbing",
        "climbing",
        "climbing",
        "climbing",
        "climbing",
        "climbing",
        "climbing",
        "climbing",
        "climbing",
        "climbing",
        "climbing",
        "climbing",
        "climbing",
        "climbing",
        "climbing",
        "climbing",
        "climbing",
        "climbing",
        "climbing",
        "climbing",
        "climbing",
        "climbing",
        "climbing",
        "climbing",
        "climbing",
        "climbing",
        "climbing",
        "climbing",
        "climbing",
        "climbing",
        "climbing",
        "climbing",
        "climbing",
        "climbing",
        "climbing",
        "climbing",
        "climbing",
        "climbing",
        "climbing",
        "climbing",
        "climbing",
        "climbing",
        "climbing",
        "climbing",
        "climbing",
        "climbing",
        "climbing",
        "climbing",
        "climbing",
        "climbing",
        "climbing",
        "climbing",
        "finished"
      ],
      "calibration_quality": [
        0.9999999999995609,
        0.9999999999995609,
        0.9999999999995609,
        0.9999999999995609,
        0.9999999999995609,
        0.9999999999995609,
        0.9999999999995609,
        0.9999999999995609,
        0.9999999999995609,
        0.9999999999995609,
        0.9999999999995609,
        0.9999999999995609,
        0.9999999999995609,
        0.9999999999995609,
        0.9999999999995609,
        0.9999999999995609,
        0.9999999999995609,
        0.9999999999995609,
        0.9999999999995609,
        0.9999999999995609,
        0.9999999999995609,
        0.9999999999995609,
        0.9999999999995609,
        0.9999999999995609,
        0.9999999999995609,
        0.9999999999995609,
        0.9999999999995609,
        0.9999999999995609,
        0.9999999999995609,
        0.9999999999995609,
        0.8571428571428571,
        0.8571428571428571,
        0.8571428571428571,
        0.8571428571428571,
        0.8571428571428571,
        0.8571428571428571,
        0.8571428571428571,
        0.8571428571428571,
        0.8571428571428571,
        0.8571428571428571,
        0.8571428571428571,
        0.8571428571428571,
        0.8571428571428571,
        0.8571428571428571,
        0.8571428571428571,
        0.9999999999999899,
        0.9999999999999899,
        0.9999999999999899,
        0.9999999999999899,
        0.9999999999999899,
        0.9999999999999899,
        0.9999999999999899,
        0.9999999999999899
      ]
    },
    "summary": {
      "total_time_s": 1.7333333333333334,
      "total_distance_m": 26.22939667210968,
      "avg_velocity_m_s": 15.13234423390943,
      "max_velocity_m_s": 1345.360900663079,
      "final_height_m": 29.82742899769443
    }
  },