{
  "left_climber": {
    "time_series": {
      "timestamps": [
        0.0,
        0.03333333333333333,
        0.06666666666666667,
        0.1,
        0.13333333333333333,
        0.16666666666666666,
        0.2,
        0.23333333333333334,
        0.26666666666666666,
        0.3,
        0.3333333333333333,
        0.36666666666666664,
        0.4,
        0.43333333333333335,
        0.4666666666666667,
        0.5,
        0.5333333333333333,
        0.5666666666666667,
        0.6,
        0.6333333333333333,
        0.6666666666666666,
        0.7,
        0.7333333333333333,
        0.7666666666666667,
        0.8,
        0.8333333333333334,
        0.8666666666666667,
        0.9,
        0.9333333333333333,
        0.9666666666666667,
        1.0,
        1.0333333333333334,
        1.0666666666666667,
        1.1,
        1.1333333333333333,
        1.1666666666666667,
        1.2,
        1.2333333333333334,
        1.2666666666666666,
        1.3,
        1.3333333333333333,
        1.3666666666666667,
        1.4,
        1.4333333333333333,
        1.4666666666666666,
        1.5,
        1.5333333333333334,
        1.5666666666666667,
        1.6,
        1.6333333333333333,
        1.6666666666666667,
        1.7,
        1.7333333333333334,
        1.7666666666666666,
        1.8,
        1.8333333333333333,
        1.8666666666666667,
        1.9
      ],
      "y_position_m": [
        0.0,
        2.588724001404047,
        2.6040195295002864,
        2.7217994864596675,
        2.7348681505187855,
        2.706186747085732,
        2.703723718509107,
        2.81646504644568,
        2.8308565093554425,
        2.86693572930034,
        2.9037383985897742,
        3.3281402029667695,
        3.125320471281971,
        2.9386755407848506,
        2.718757996407625,
        2.550759723020952,
        0.0,
        0.0,
        0.0,
        7.3722569777631755,
        7.216946494866027,
        7.256260241804444,
        7.247035908604197,
        7.350396666806685,
        7.404603331284894,
        7.4568261744444255,
        7.556517077968438,
        7.4818641487830115,
        7.466403820345859,
        7.417432776536294,
        7.410988481437593,
        7.391433983210612,
        7.379730808027447,
        7.334716569038305,
        7.309889126704717,
        7.30544571377835,
        7.326278649786278,
        7.3854203441498925,
        7.627448632871927,
        0.0,
        -9.219198260591568,
        -9.31304516590362,
        -9.038715628771664,
        -8.510670513675073,
        0.0,
        8.029859489803291,
        7.942144980014063,
        7.795597947594375,
        7.399193178096797,
        6.908039223006312,
        6.7191525139057715,
        6.426522037840528,
        6.39003325496975,
        6.233675948499433,
        6.084249122808034,
        6.0373547518312485,
        5.932567038904377,
        25.765363204729653
      ],
      "x_position_m": [
        0.0,
        0.05976718672002026,
        0.06460687207309315,
        0.10473753908243628,
        0.1291566206336499,
        0.11268277210825338,
        0.11570669824252666,
        0.17589322396434043,
        0.1815517808141859,
        0.21173280874891431,
        0.24652894336472816,
        0.4310568023260178,
        0.33684735839230623,
        0.1954905859833249,
        0.042044594078793504,
        -0.03386112894920636,
        0.0,
        0.0,
        0.0,
        1.2881587411467381,
        1.2740622328096025,
        1.2871284081901708,
        1.2878292497503883,
        1.3035406970072692,
        1.3272869010947663,
        1.3383942673409424,
        1.3544568100788583,
        1.3466406612504507,
        1.34188870199738,
        1.3538312574711464,
        1.3406741839492597,
        1.3425460931179891,
        1.343050487504813,
        1.3411791243071047,
        1.341698643251718,
        1.3371892944303527,
        1.34530890777707,
        1.3562334438275345,
        1.3976488716004634,
        0.0,
        -4.7272272086954805,
        -4.781602715307452,
        -4.646394596029179,
        -4.3678927954150435,
        0.0,
        1.2839483087322918,
        1.2700898392850783,
        1.1917638079782356,
        1.1071515088285215,
        1.02474588513992,
        0.9731764727791694,
        0.9038821872853405,
        0.892580043303577,
        0.8605579947551785,
        0.8188329590319979,
        0.7879894271434236,
        0.7580146747350696,
        10.544546070223015
      ],
      "status": [
        "climbing",
        "climbing",
        "climbing",
        "climbing",
        "climbing",
        "climbing",
        "climbing",
        "climbing",
        "climbing",
        "climbing",
        "climbing",
        "climbing",
        "climbing",
        "climbing",
        "climbing",
        "climbing",
        "climbing",
        "climbing",
        "climbing",
        "climbing",
        "climbing",
        "climbing",
        "climbing",
        "climbing",
        "climbing",
        "climbing",
        "climbing",
        "climbing",
        "climbing",
        "climbing",
        "climbing",
        "climbing",
        "climbing",
        "climbing",
        "climbing",
        "climbing",
        "climbing",
        "climbing",
        "climbing",
        "climbing",
        "climbing",
        "climbing",
        "climbing",
        "climbing",
        "climbing",
        "climbing",
        "climbing",
        "climbing",
        "climbing",
        "climbing",
        "climbing",
        "climbing",
        "climbing",
        "climbing",
        "climbing",
        "climbing",
        "climbing",
        "finished"
      ],
      "calibration_quality": [
        0.99999999999999,
        0.99999999999999,
        0.99999999999999,
        0.99999999999999,
        0.99999999999999,
        0.99999999999999,
        0.99999999999999,
        0.99999999999999,
        0.99999999999999,
        0.99999999999999,
        0.99999999999999,
        0.99999999999999,
        0.99999999999999,
        0.99999999999999,
        0.99999999999999,
        0.99999999999999,
        0.99999999999999,
        0.99999999999999,
        0.99999999999999,
        0.99999999999999,
        0.99999999999999,
        0.99999999999999,
        0.99999999999999,
        0.99999999999999,
        0.99999999999999,
        0.99999999999999,
        0.99999999999999,
        0.99999999999999,
        0.99999999999999,
        0.99999999999999,
        0.99999999999999,
        0.99999999999999,
        0.99999999999999,
        0.99999999999999,
        0.99999999999999,
        0.99999999999999,
        0.99999999999999,
        0.99999999999999,
        0.99999999999999,
        0.99999999999999,
        0.99999999999999,
        0.99999999999999,
        0.99999999999999,
        0.99999999999999,
        0.99999999999999,
        0.99999999999999,
        0.99999999999999,
        0.99999999999999,
        0.99999999999999,
        0.99999999999999,
        0.99999999999999,
        0.99999999999999,
        0.99999999999999,
        0.99999999999999,
        0.99999999999999,
        0.99999999999999,
        0.99999999999999,
        0.99999999999999
      ]
    },
    "summary": {
      "total_time_s": 1.9,
      "total_distance_m": 17.34290465570691,
      "avg_velocity_m_s": 9.127844555635216,
      "max_velocity_m_s": 594.9838849747604,
      "final_height_m": 25.765363204729653
    }
  },