{
  "left_climber": {
    "time_series": {
      "timestamps": [
        0.0,
        0.03333333333333333,
        0.06666666666666667,
        0.1,
        0.13333333333333333,
        0.16666666666666666,
        0.2,
        0.23333333333333334,
        0.26666666666666666,
        0.3,
        0.3333333333333333,
        0.36666666666666664,
        0.4,
        0.43333333333333335,
        0.4666666666666667,
        0.5,
        0.5333333333333333,
        0.5666666666666667,
        0.6,
        0.6333333333333333,
        0.6666666666666666,
        0.7,
        0.7333333333333333,
        0.7666666666666667,
        0.8,
        0.8333333333333334,
        0.8666666666666667,
        0.9,
        0.9333333333333333,
        0.9666666666666667,
        1.0,
        1.0333333333333334,
        1.0666666666666667,
        1.1,
        1.1333333333333333,
        1.1666666666666667,
        1.2,
        1.2333333333333334,
        1.2666666666666666,
        1.3,
        1.3333333333333333,
        1.3666666666666667,
        1.4,
        1.4333333333333333,
        1.4666666666666666,
        1.5,
        1.5333333333333334,
        1.5666666666666667,
        1.6,
        1.6333333333333333,
        1.6666666666666667,
        1.7,
        1.7333333333333334,
        1.7666666666666666,
        1.8,
        1.8333333333333333,
        1.8666666666666667,
        1.9,
        1.9333333333333333,
        1.9666666666666666,
        2.0,
        2.033333333333333,
        2.066666666666667,
        2.1,
        2.1333333333333333,
        2.1666666666666665,
        2.2
      ],
      "y_position_m": [
        6.259983807583353,
        0.0,
        7.026554868581375,
        7.323823046411663,
        7.943614146022376,
        7.83779428203374,
        7.946136952582877,
        8.16194331636578,
        8.502968032584425,
        8.87558250164814,
        8.969239140683083,
        8.969016822972053,
        9.052558520441233,
        6.776923764646836,
        8.260637196220715,
        2.3803008782113597,
        2.6076183819114487,
        2.4343365740638956,
        2.3988371722819006,
        2.4202663950790404,
        2.4719124656833142,
        2.511655224135109,
        2.5435955602019824,
        2.5792594827720334,
        2.6128252065559083,
        2.626733135480436,
        2.652454998362228,
        2.8123557033368307,
        3.2565434458409386,
        3.6000031796093115,
        1.724302045514226,
        2.235920967799015,
        2.490280020508055,
        2.9319224812279243,
        3.445299601972714,
        3.865946346218009,
        3.9199787011775857,
        4.692782022790877,
        5.606876432356816,
        6.45978182782723,
        7.3329619206548475,
        7.862617004212827,
        7.930061204493852,
        8.152325831568547,
        8.271284140870657,
        7.779429501222778,
        8.183192189085188,
        8.112655834058836,
        8.109195285980885,
        8.09955198120221,
        8.088525607374404,
        8.083909550305451,
        8.082404954911873,
        8.082016281608215,
        8.081744853492502,
        8.079532033022803,
        8.07811441238807,
        8.075877687835034,
        8.074733770953529,
        8.073281550788199,
        -1.2454122681442996,
        -1.7990087746337382,
        -2.506073905351042,
        -4.169061368788239,
        -9.918071175523558,
        -38.929033111017894,
        107.03065711716933
      ],
      "x_position_m": [
        0.7895258508100205,
        0.0,
        1.4768687160523968,
        1.5739101882723987,
        1.6820832874292488,
        1.4739568411296309,
        1.4790316216278308,
        1.4300264356929553,
        1.4597388326727474,
        1.4807280288403843,
        1.449852109496377,
        1.4230481071525782,
        1.433115823110128,
        0.3939598948557252,
        0.5317396917041718,
        1.8522571504880063,
        1.812045752980498,
        1.8356849938817585,
        1.8378111956717154,
        1.8344493997645008,
        1.8262023064521828,
        1.8203936806952483,
        1.8154735081068507,
        1.810879449276749,
        1.8066569501674687,
        1.8038766244183606,
        1.7993778114856496,
        1.777275432021987,
        1.7138266948854082,
        1.6656043917124213,
        1.8377465857470767,
        1.7805585079829074,
        1.753412303856193,
        1.7113028374895067,
        1.6604641751110534,
        1.6332710644104487,
        1.6335878818461897,
        1.5645468359363328,
        1.4722538860675691,
        1.3844076666981344,
        1.2812577868538177,
        1.2208305267332635,
        1.213470438971763,
        1.1817199815125026,
        1.1637675319295595,
        1.3005362990581384,
        1.4088825080791647,
        1.387132091720396,
        1.3862090163990153,
        1.3831718311493462,
        1.3822444052931322,
        1.3816995984351534,
        1.3810746952025936,
        1.3806132835529492,
        1.3805917739512823,
        1.380546065049885,
        1.3804336932937415,
        1.3804056757970533,
        1.3804509637193019,
        1.3804722291058849,
        3.0887674107159797,
        3.240935315433723,
        3.43893057323638,
        3.895816577732984,
        5.500477291302686,
        13.678947804246913,
        -27.543234197641215
      ],
      "status": [
        "climbing",
        "climbing",
        "climbing",
        "climbing",
        "climbing",
        "climbing",
        "climbing",
        "climbing",
        "climbing",
        "climbing",
        "climbing",
        "climbing",
        "climbing",
        "climbing",
        "climbing",
        "climbing",
        "climbing",
        "climbing",
        "climbing",
        "climbing",
        "climbing",
        "climbing",
        "climbing",
        "climbing",
        "climbing",
        "climbing",
        "climbing",
        "climbing",
        "climbing",
        "climbing",
        "climbing",
        "climbing",
        "climbing",
        "climbing",
        "climbing",
        "climbing",
        "climbing",
        "climbing",
        "climbing",
        "climbing",
        "climbing",
        "climbing",
        "climbing",
        "climbing",
        "climbing",
        "climbing",
        "climbing",
        "climbing",
        "climbing",
        "climbing",
        "climbing",
        "climbing",
        "climbing",
        "climbing",
        "climbing",
        "climbing",
        "climbing",
        "climbing",
        "climbing",
        "climbing",
        "climbing",
        "climbing",
        "climbing",
        "climbing",
        "climbing",
        "climbing",
        "finished"
      ],