{
  "left_climber": {
    "time_series": {
      "timestamps": [
        0.0,
        0.03333333333333333,
        0.06666666666666667,
        0.1,
        0.13333333333333333,
        0.16666666666666666,
        0.2,
        0.23333333333333334,
        0.26666666666666666,
        0.3,
        0.3333333333333333,
        0.36666666666666664,
        0.4,
        0.43333333333333335,
        0.4666666666666667,
        0.5,
        0.5333333333333333,
        0.5666666666666667,
        0.6,
        0.6333333333333333,
        0.6666666666666666,
        0.7,
        0.7333333333333333,
        0.7666666666666667,
        0.8,
        0.8333333333333334,
        0.8666666666666667,
        0.9,
        0.9333333333333333,
        0.9666666666666667,
        1.0
      ],
      "y_position_m": [
        0.0,
        4.170823579588539,
        4.171439787675229,
        4.172049730956075,
        4.172049700413375,
        4.172411232490709,
        4.172341611625379,
        4.172217209359808,
        4.172217395433282,
        4.1722342538261685,
        4.172257920753126,
        4.172324291725274,
        4.172357732446912,
        4.172368128564406,
        4.172379003089341,
        8.050000000011488,
        8.050000000011488,
        8.050000000011492,
        8.050000000011492,
        8.05000000001149,
        8.05000000001149,
        8.05000000001149,
        8.050000000011488,
        8.050000000011487,
        8.050000000011487,
        8.050000000011487,
        8.05000000001149,
        8.050000000011496,
        8.05000000001149,
        8.050000000011481,
        19.773102545013256
      ],
      "x_position_m": [
        0.0,
        2.047659776359653,
        2.0481126153424727,
        2.048234511494899,
        2.0482248152054323,
        2.04829371441493,
        2.0483162504231935,
        2.048305692138374,
        2.0483069680195767,
        2.048309225909158,
        2.048313613489046,
        2.0483234340930845,
        2.0483301609905875,
        2.0483287084421775,
        2.048329464693512,
        1.3750000000014553,
        1.3750000000014553,
        1.3750000000014557,
        1.3750000000014553,
        1.3750000000014555,
        1.3750000000014557,
        1.375000000001455,
        1.375000000001455,
        1.3750000000014548,
        1.3750000000014546,
        1.3750000000014548,
        1.3750000000014553,
        1.3750000000014562,
        1.3750000000014553,
        1.3750000000014544,
        -0.6207145500513072
      ],
      "status": [
        "climbing",
        "climbing",
        "climbing",
        "climbing",
        "climbing",
        "climbing",
        "climbing",
        "climbing",
        "climbing",
        "climbing",
        "climbing",
        "climbing",
        "climbing",
        "climbing",
        "climbing",
        "climbing",
        "climbing",
        "climbing",
        "climbing",
        "climbing",
        "climbing",
        "climbing",
        "climbing",
        "climbing",
        "climbing",
        "climbing",
        "climbing",
        "climbing",
        "climbing",
        "climbing",
        "finished"
      ],
      "calibration_quality": [
        0.8571428571428571,
        0.8571428571428571,
        0.8571428571428571,
        0.8571428571428571,
        0.8571428571428571,
        0.8571428571428571,
        0.8571428571428571,
        0.8571428571428571,
        0.8571428571428571,
        0.8571428571428571,
        0.8571428571428571,
        0.8571428571428571,
        0.8571428571428571,
        0.8571428571428571,
        0.8571428571428571,
        0.7108980626972874,
        0.7108980626972874,
        0.7108980626972874,
        0.7108980626972874,
        0.7108980626972874,
        0.7108980626972874,
        0.7108980626972874,
        0.7108980626972874,
        0.7108980626972874,
        0.7108980626972874,
        0.7108980626972874,
        0.7108980626972874,
        0.7108980626972874,
        0.7108980626972874,
        0.7108980626972874,
        0.9999999999999869
      ]
    },
    "summary": {
      "total_time_s": 1.0,
      "total_distance_m": 8.050000000011496,
      "avg_velocity_m_s": 8.050000000011496,
      "max_velocity_m_s": 351.69307635005333,
      "final_height_m": 19.773102545013256
    }
  },
  "right_climber": {
    "time_series": {
      "timestamps": [
        0.0,
        0.03333333333333333,
        0.06666666666666667,
        0.1,
        0.13333333333333333,
        0.16666666666666666,
        0.2,
        0.23333333333333334,
        0.26666666666666666,
        0.3,
        0.3333333333333333,
        0.36666666666666664,
        0.4,
        0.43333333333333335,
        0.4666666666666667,
        0.5,
        0.5333333333333333,
        0.5666666666666667,
        0.6,
        0.6333333333333333,
        0.6666666666666666,
        0.7,
        0.7333333333333333,
        0.7666666666666667,
        0.8,
        0.8333333333333334,
        0.8666666666666667,
        0.9,
        0.9333333333333333,
        0.9666666666666667,
        1.0
      ],
      "y_position_m": [
        4.169395187475683,
        4.171503113221784,
        4.171820412585438,
        4.172100243478691,
        4.172154483373758,
        4.172350145955569,
        4.172227244561636,
        4.172214089859473,
        4.17222149898417,
        4.172239786503283,
        4.172282203721435,
        4.17235267180827,
        4.172358044180095,
        4.172374928359271,
        4.1723815597765945,
        8.05000000001149,
        8.05000000001149,
        8.050000000011492,
        8.050000000011492,
        8.050000000011492,
        8.050000000011492,
        8.050000000011487,
        8.050000000011488,
        8.050000000011485,
        8.050000000011485,
        8.050000000011488,
        8.050000000011494,
        8.050000000011497,
        8.050000000011485,
        8.05000000001148,
        19.77700315871859
      ],
      "x_position_m": [
        2.0471878920642133,
        2.0479699131979086,
        2.0482154285056984,
        2.048229758572942,
        2.0482637821908347,
        2.0483116434257673,
        2.0483058064121513,
        2.0483049005591747,
        2.0483086583005377,
        2.0483108241865255,
        2.048318164505997,
        2.048329272543459,
        2.048328080297072,
        2.048329803813461,
        2.0483282849725466,
        1.3750000000014553,
        1.3750000000014557,
        1.3750000000014555,
        1.3750000000014557,
        1.3750000000014557,
        1.3750000000014555,
        1.3750000000014548,
        1.375000000001455,
        1.3750000000014544,
        1.3750000000014548,
        1.3750000000014548,
        1.3750000000014557,
        1.3750000000014562,
        1.3750000000014546,
        1.3750000000014542,
        -0.6210983257061369
      ],
      "status": [
        "climbing",
        "climbing",
        "climbing",
        "climbing",
        "climbing",
        "climbing",
        "climbing",
        "climbing",
        "climbing",
        "climbing",
        "climbing",
        "climbing",
        "climbing",
        "climbing",
        "climbing",
        "climbing",
        "climbing",
        "climbing",
        "climbing",
        "climbing",
        "climbing",
        "climbing",
        "climbing",
        "climbing",
        "climbing",
        "climbing",
        "climbing",
        "climbing",
        "climbing",
        "climbing",
        "finished"
      ],