{
  "left_climber": {
    "time_series": {
      "timestamps": [
        0.0,
        0.03333333333333333,
        0.06666666666666667,
        0.1,
        0.13333333333333333,
        0.16666666666666666,
        0.2,
        0.23333333333333334,
        0.26666666666666666,
        0.3,
        0.3333333333333333,
        0.36666666666666664,
        0.4,
        0.43333333333333335,
        0.4666666666666667,
        0.5,
        0.5333333333333333,
        0.5666666666666667,
        0.6,
        0.6333333333333333,
        0.6666666666666666,
        0.7,
        0.7333333333333333
      ],
      "y_position_m": [
        3.0054642954135873,
        2.8168311142761495,
        2.795360367186777,
        2.757981928025734,
        2.7329843945642738,
        2.7097651283522546,
        2.678629415059684,
        2.6303748625939583,
        2.556304023890674,
        2.4743189383739232,
        2.4026958550486004,
        2.381989498589139,
        2.3454530603141235,
        2.309420118565473,
        2.247002124764131,
        -120.1897305219494,
        -119.80301502627664,
        -120.1123367768741,
        -123.60656584825642,
        -133.4271044103903,
        -237.38053084563887,
        -770.8523765209757,
        31802.336180852246
      ],
      "x_position_m": [
        0.8233076622280262,
        0.8186669944120862,
        0.824673637846218,
        0.8265111878663771,
        0.8265633451929457,
        0.8266565025880913,
        0.8269724584963141,
        0.8284334937382967,
        0.8308380429627895,
        0.8331751351759281,
        0.8354700334596635,
        0.8361417510579255,
        0.8372408919667195,
        0.8379928224139687,
        0.8385293885698561,
        0.4289458801840389,
        0.4484019577653538,
        0.4582534755122276,
        0.45670755157164555,
        0.25691681905261093,
        -1.1051801985295964,
        -11.025973756413501,
        695.3996596805285
      ],
      "status": [
        "climbing",
        "climbing",
        "climbing",
        "climbing",
        "climbing",
        "climbing",
        "climbing",
        "climbing",
        "climbing",
        "climbing",
        "climbing",
        "climbing",
        "climbing",
        "climbing",
        "climbing",
        "climbing",
        "climbing",
        "climbing",
        "climbing",
        "climbing",
        "climbing",
        "climbing",
        "finished"
      ],
      "calibration_quality": [
        0.9999999999999912,
        0.9999999999999912,
        0.9999999999999912,
        0.9999999999999912,
        0.9999999999999912,
        0.9999999999999912,
        0.9999999999999912,
        0.9999999999999912,
        0.9999999999999912,
        0.9999999999999912,
        0.9999999999999912,
        0.9999999999999912,
        0.9999999999999912,
        0.9999999999999912,
        0.9999999999999912,
        0.8571428571428571,
        0.8571428571428571,
        0.8571428571428571,
        0.8571428571428571,
        0.8571428571428571,
        0.8571428571428571,
        0.8571428571428571,
        0.8571428571428571
      ]
    },
    "summary": {
      "total_time_s": 0.7333333333333333,
      "total_distance_m": 773.8578408163893,
      "avg_velocity_m_s": 1055.260692022349,
      "max_velocity_m_s": 977195.6567211968,
      "final_height_m": 31802.336180852246
    }
  },
  "right_climber": {
    "time_series": {
      "timestamps": [
        0.0,
        0.03333333333333333,
        0.06666666666666667,
        0.1,
        0.13333333333333333,
        0.16666666666666666,
        0.2,
        0.23333333333333334,
        0.26666666666666666,
        0.3,
        0.3333333333333333,
        0.36666666666666664,
        0.4,
        0.43333333333333335,
        0.4666666666666667,
        0.5,
        0.5333333333333333,
        0.5666666666666667,
        0.6,
        0.6333333333333333,
        0.6666666666666666,
        0.7,
        0.7333333333333333
      ],
      "y_position_m": [
        2.8754064780414588,
        2.824629026888169,
        2.7733012947456723,
        2.7459320360725035,
        2.7210234616831293,
        2.697510235277159,
        2.6706828097168973,
        2.597636693038644,
        2.528245939025477,
        2.4441444310367437,
        2.3894143973587854,
        2.3717656155696516,
        2.338546589406132,
        2.2930552663512778,
        2.2307295828247535,
        -119.96595734455747,
        -119.78876597774548,
        -120.13121347015564,
        -125.26081620583997,
        -144.91193400824275,
        -488.8400260974398,
        -1951.7563759245486,
        1981.7075501531624
      ],
      "x_position_m": [
        0.8194438186524595,
        0.822598601666864,
        0.8260375933273874,
        0.8268477677528744,
        0.8265192914830812,
        0.8267573266072333,
        0.8270580677230436,
        0.8294300321531262,
        0.8316833771475135,
        0.8341373968522255,
        0.8358183020977341,
        0.8366531823268312,
        0.8374874702184959,
        0.8382577531358844,
        0.8386993552650839,
        0.45121970375996956,
        0.44841606221484925,
        0.4837591701321557,
        0.4416638196514955,
        0.060533686911985005,
        -4.218277943360947,
        -33.33188543307849,
        49.943489799397476
      ],
      "status": [
        "climbing",
        "climbing",
        "climbing",
        "climbing",
        "climbing",
        "climbing",
        "climbing",
        "climbing",
        "climbing",
        "climbing",
        "climbing",
        "climbing",
        "climbing",
        "climbing",
        "climbing",
        "climbing",
        "climbing",
        "climbing",
        "climbing",
        "climbing",
        "climbing",
        "climbing",
        "finished"
      ],
      "calibration_quality": [
        0.9999999999999912,
        0.9999999999999912,
        0.9999999999999912,
        0.9999999999999912,
        0.9999999999999912,
        0.9999999999999912,
        0.9999999999999912,
        0.9999999999999912,
        0.9999999999999912,
        0.9999999999999912,
        0.9999999999999912,
        0.9999999999999912,
        0.9999999999999912,
        0.9999999999999912,
        0.9999999999999912,
        0.8571428571428571,
        0.8571428571428571,
        0.8571428571428571,
        0.8571428571428571,
        0.8571428571428571,
        0.8571428571428571,
        0.8571428571428571,
        0.8571428571428571
      ]
    },
    "summary": {
      "total_time_s": 0.7333333333333333,
      "total_distance_m": 1954.63178240259,
      "avg_velocity_m_s": 2665.4069760035322,
      "max_velocity_m_s": 118003.91778233137,
      "final_height_m": 1981.7075501531624
    }
  },
  "metadata": {
    "video_path": "data\\race_segments\\chamonix_2024\\Speed_finals_Chamonix_2024_race010.mp4",
    "processing_date": "2025-11-20T04:52:57.900949",
    "calibration_method": "per_frame_homography",
    "units": "meters",
    "reference_point": "start_pad"
  }
}