{
  "left_climber": {
    "time_series": {
      "timestamps": [
        0.0,
        0.03333333333333333,
        0.06666666666666667,
        0.1,
        0.13333333333333333,
        0.16666666666666666,
        0.2,
        0.23333333333333334,
        0.26666666666666666,
        0.3,
        0.3333333333333333,
        0.36666666666666664,
        0.4,
        0.43333333333333335,
        0.4666666666666667,
        0.5,
        0.5333333333333333,
        0.5666666666666667,
        0.6,
        0.6333333333333333,
        0.6666666666666666,
        0.7,
        0.7333333333333333,
        0.7666666666666667,
        0.8,
        0.8333333333333334,
        0.8666666666666667,
        0.9,
        0.9333333333333333,
        0.9666666666666667,
        1.0,
        1.0333333333333334,
        1.0666666666666667,
        1.1,
        1.1333333333333333,
        1.1666666666666667,
        1.2,
        1.2333333333333334,
        1.2666666666666666,
        1.3,
        1.3333333333333333,
        1.3666666666666667,
        1.4,
        1.4333333333333333,
        1.4666666666666666,
        1.5,
        1.5333333333333334,
        1.5666666666666667,
        1.6,
        1.6333333333333333,
        1.6666666666666667,
        1.7,
        1.7333333333333334,
        1.7666666666666666,
        1.8,
        1.8333333333333333,
        1.8666666666666667,
        1.9,
        1.9333333333333333,
        1.9666666666666666,
        2.0,
        2.033333333333333,
        2.066666666666667,
        2.1,
        2.1333333333333333,
        2.1666666666666665,
        2.2,
        2.2333333333333334,
        2.2666666666666666,
        2.3,
        2.3333333333333335,
        2.3666666666666667,
        2.4
      ],
      "y_position_m": [
        0.0,
        4.115576436231966,
        4.0676830053674635,
        4.095324598544966,
        4.080970763050902,
        4.035908147304726,
        4.032989748799783,
        0.0,
        0.0,
        0.0,
        0.0,
        0.0,
        0.0,
        5.714762663113224,
        5.65692952071536,
        5.633423837421711,
        5.622614110168679,
        5.609353540877066,
        5.598077223508252,
        5.589894071161638,
        5.574793488469063,
        5.566406645899688,
        5.555505333495566,
        5.540768876313993,
        5.520499438131139,
        5.49331360081038,
        5.4578172593364425,
        5.428868955467743,
        5.388599953839831,
        5.312136482794953,
        5.2629355796118205,
        5.213533414871771,
        5.163159737707032,
        5.144033782909669,
        5.10795439082768,
        5.051048415257778,
        5.0052313403782955,
        4.963577741191843,
        4.914350009459733,
        4.9080943918762605,
        4.88778354873354,
        4.862180250953517,
        4.841754489660929,
        4.824410512854846,
        4.804457787550257,
        4.80998603455531,
        4.806669910931363,
        4.802325650831217,
        4.796887895817606,
        4.791340735801663,
        4.778374745202784,
        4.769168411432402,
        4.7628062509556095,
        4.756123898850727,
        4.769837519573091,
        4.797863701465908,
        4.828014689191938,
        4.837555719397126,
        4.849215527450995,
        4.868232449843398,
        9.904684684856843,
        9.85652727840958,
        9.763170960903741,
        9.74371329178006,
        9.677044025623193,
        9.562853629006293,
        9.314583486456614,
        9.138102223498922,
        8.864463882567133,
        8.80731365008131,
        7.565447832906563,
        1.4551161205371228,
        18.326691558412616
      ],
      "x_position_m": [
        0.0,
        0.7927771279215217,
        0.7932635985284751,
        0.7935793597963045,
        0.7936524402241499,
        0.7937811970243361,
        0.7943525242352532,
        0.0,
        0.0,
        0.0,
        0.0,
        0.0,
        0.0,
        0.8740783920894688,
        0.8759486916452432,
        0.8766966186205999,
        0.8770978679325038,
        0.8775771015504646,
        0.8779623083297035,
        0.8782106202790164,
        0.8786171802409166,
        0.8788419220129647,
        0.8791090237465865,
        0.8793885221453223,
        0.8799620084117682,
        0.8808863335721538,
        0.8812995622126798,
        0.8810393119907379,
        0.8807891952406983,
        0.8804184878561312,
        0.8800122187387296,
        0.8798126816270211,
        0.8793049447802855,
        0.8790779669606054,
        0.8788452720168642,
        0.8790398291021521,
        0.8792893543334487,
        0.880314708256566,
        0.8815426464008713,
        0.8819054640260785,
        0.8826746013970137,
        0.8837888691873418,
        0.8847682389908361,
        0.8855555380481741,
        0.8866308761357261,
        0.8868259928109506,
        0.8870141483221334,
        0.88720264076907,
        0.8874540756622827,
        0.887601618012893,
        0.8872470672238942,
        0.8869105158245195,
        0.8865541036237393,
        0.8856310705921436,
        0.8846273885537934,
        0.8830619770484492,
        0.8814135611612082,
        0.8809959619996269,
        0.8795600221569956,
        0.8777903110045273,
        0.9384873591753807,
        0.9325506543666786,
        0.9227864029000614,
        0.9206652211694112,
        0.9146393356769313,
        0.9040184400616598,
        0.8787487033811294,
        0.8621357535997526,
        0.8369577775022126,
        0.8327741896036384,
        0.7107262149246273,
        0.10696515432809249,
        1.7828402696829748
      ],
      "status": [
        "climbing",
        "climbing",
        "climbing",
        "climbing",
        "climbing",
        "climbing",
        "climbing",
        "climbing",
        "climbing",
        "climbing",
        "climbing",
        "climbing",
        "climbing",
        "climbing",
        "climbing",
        "climbing",
        "climbing",
        "climbing",
        "climbing",
        "climbing",
        "climbing",
        "climbing",
        "climbing",
        "climbing",
        "climbing",
        "climbing",
        "climbing",
        "climbing",
        "climbing",
        "climbing",
        "climbing",
        "climbing",
        "climbing",
        "climbing",
        "climbing",
        "climbing",
        "climbing",
        "climbing",
        "climbing",
        "climbing",
        "climbing",
        "climbing",
        "climbing",
        "climbing",
        "climbing",
        "climbing",
        "climbing",
        "climbing",
        "climbing",
        "climbing",
        "climbing",
        "climbing",
        "climbing",
        "climbing",
        "climbing",
        "climbing",
        "climbing",
        "climbing",
        "climbing",
        "climbing",
        "climbing",
        "climbing",
        "climbing",
        "climbing",
        "climbing",
        "climbing",
        "climbing",
        "climbing",
        "climbing",
        "climbing",
        "climbing",
        "climbing",
        "finished"
      ],