{
  "left_climber": {
    "time_series": {
      "timestamps": [
        0.0,
        0.03333333333333333
      ],
      "y_position_m": [
        20.27495338157255,
        19.81354486355644
      ],
      "x_position_m": [
        0.865301921292714,
        0.8624321760028287
      ],
      "status": [
        "finished",
        "finished"
      ],
      "calibration_quality": [
        0.9999999999999825,
        0.9999999999999825
      ]
    },
    "summary": {
      "total_time_s": 0.03333333333333333,
      "total_distance_m": 0.0,
      "avg_velocity_m_s": 0.0,
      "max_velocity_m_s": -13.842255540483315,
      "final_height_m": 19.81354486355644
    }
  },
  "right_climber": {
    "time_series": {
      "timestamps": [
        0.0,
        0.03333333333333333
      ],
      "y_position_m": [
        0.0,
        19.871107164363703
      ],
      "x_position_m": [
        0.0,
        0.8623363067620247
      ],
      "status": [
        "climbing",
        "finished"
      ],
      "calibration_quality": [
        0.0,
        0.9999999999999825
      ]
    },
    "summary": {
      "total_time_s": 0.03333333333333333,
      "total_distance_m": 0.0,
      "avg_velocity_m_s": 0.0,
      "max_velocity_m_s": 596.1332149309111,
      "final_height_m": 19.871107164363703
    }
  },
  "metadata": {
    "video_path": "data\\race_segments\\innsbruck_2024\\Speed_finals_Innsbruck_2024_race026.mp4",
    "processing_date": "2025-11-20T04:56:10.731321",
    "calibration_method": "per_frame_homography",
    "units": "meters",
    "reference_point": "start_pad"
  }
}