{
  "left_climber": {
    "time_series": {
      "timestamps": [
        0.0,
        0.03333333333333333,
        0.06666666666666667,
        0.1,
        0.13333333333333333,
        0.16666666666666666,
        0.2,
        0.23333333333333334,
        0.26666666666666666,
        0.3,
        0.3333333333333333,
        0.36666666666666664,
        0.4,
        0.43333333333333335,
        0.4666666666666667,
        0.5,
        0.5333333333333333,
        0.5666666666666667,
        0.6,
        0.6333333333333333,
        0.6666666666666666,
        0.7,
        0.7333333333333333,
        0.7666666666666667,
        0.8,
        0.8333333333333334,
        0.8666666666666667,
        0.9,
        0.9333333333333333,
        0.9666666666666667,
        1.0
      ],
      "y_position_m": [
        -14.184078345742913,
        -14.342880846614571,
        -13.734931321820222,
        -13.17044748124971,
        -12.149513290697408,
        -11.428967124540197,
        -10.573307804883454,
        -10.0115313091064,
        -10.435159252446928,
        -10.687498561082693,
        -10.223291773355742,
        -9.471047698915322,
        -9.249008178563932,
        -9.653750825566679,
        -8.922075734197913,
        -8.504715543184997,
        -7.878658919760653,
        -7.214717820816611,
        -6.582828550561207,
        -7.010310507829613,
        -7.359652013453716,
        -8.303064068787632,
        -8.915108849072235,
        -9.013014746045176,
        -8.967682213199545,
        -8.783090281369725,
        -7.824341721155772,
        -6.356224912227364,
        -7.090642650146943,
        -7.2962080270626535,
        27.88893810606574
      ],
      "x_position_m": [
        0.41795437636128446,
        0.5407368499863894,
        0.5953080874368762,
        0.621399386468825,
        0.67515021577677,
        0.6879289391018711,
        0.6747122473071246,
        0.6673953018206975,
        0.7041512898855161,
        0.6982141736328255,
        0.7260968160706907,
        0.764672182844473,
        0.7828244201756919,
        0.6616630998786126,
        0.7395004514111694,
        0.7513401605955986,
        0.7180669850386615,
        0.7505992242118543,
        0.7556499017365578,
        0.7824876697148304,
        0.8951326537164239,
        0.8404331318787099,
        0.8187931473219363,
        0.7997485139627314,
        0.8191340639412101,
        0.7979042544141518,
        0.7976450784084173,
        0.9248239068902645,
        0.9701387412501545,
        0.9607168011939404,
        0.7955820389195716
      ],
      "status": [
        "climbing",
        "climbing",
        "climbing",
        "climbing",
        "climbing",
        "climbing",
        "climbing",
        "climbing",
        "climbing",
        "climbing",
        "climbing",
        "climbing",
        "climbing",
        "climbing",
        "climbing",
        "climbing",
        "climbing",
        "climbing",
        "climbing",
        "climbing",
        "climbing",
        "climbing",
        "climbing",
        "climbing",
        "climbing",
        "climbing",
        "climbing",
        "climbing",
        "climbing",
        "climbing",
        "finished"
      ],
      "calibration_quality": [
        0.999999999999999,
        0.999999999999999,
        0.999999999999999,
        0.999999999999999,
        0.999999999999999,
        0.999999999999999,
        0.999999999999999,
        0.999999999999999,
        0.999999999999999,
        0.999999999999999,
        0.999999999999999,
        0.999999999999999,
        0.999999999999999,
        0.999999999999999,
        0.999999999999999,
        0.999999999999999,
        0.999999999999999,
        0.999999999999999,
        0.999999999999999,
        0.999999999999999,
        0.999999999999999,
        0.999999999999999,
        0.999999999999999,
        0.999999999999999,
        0.999999999999999,
        0.999999999999999,
        0.999999999999999,
        0.999999999999999,
        0.999999999999999,
        0.999999999999999,
        0.9999999999999957
      ]
    },
    "summary": {
      "total_time_s": 1.0,
      "total_distance_m": 7.9866559343872074,
      "avg_velocity_m_s": 7.9866559343872074,
      "max_velocity_m_s": 1055.554383993852,
      "final_height_m": 27.88893810606574
    }
  },
  "right_climber": {
    "time_series": {
      "timestamps": [
        0.0,
        0.03333333333333333,
        0.06666666666666667,
        0.1,
        0.13333333333333333,
        0.16666666666666666,
        0.2,
        0.23333333333333334,
        0.26666666666666666,
        0.3,
        0.3333333333333333,
        0.36666666666666664,
        0.4,
        0.43333333333333335,
        0.4666666666666667,
        0.5,
        0.5333333333333333,
        0.5666666666666667,
        0.6,
        0.6333333333333333,
        0.6666666666666666,
        0.7,
        0.7333333333333333,
        0.7666666666666667,
        0.8,
        0.8333333333333334,
        0.8666666666666667,
        0.9,
        0.9333333333333333,
        0.9666666666666667,
        1.0
      ],
      "y_position_m": [
        -14.814940394935471,
        -13.997507794040455,
        -13.593046256367353,
        -12.547937305504922,
        -11.594364618385182,
        -10.455499127189196,
        -10.150952698345815,
        -9.998809826346353,
        -10.512965023575418,
        -10.250156045415505,
        -10.118621882481348,
        -9.642491402762163,
        -9.215625276059649,
        -9.375399975341068,
        -9.022194501998833,
        -8.421684326689286,
        -7.7596104320516055,
        -6.646196102215878,
        -6.828313594106379,
        -7.099872332064937,
        -6.778532535379426,
        -8.337021424433827,
        -8.7412543136613,
        -8.92944370744981,
        -8.933866487458774,
        -8.861779061086468,
        -7.602247222655305,
        -7.353639392488288,
        -7.279033833760742,
        -7.503323610292404,
        27.525132482319094
      ],
      "x_position_m": [
        0.487638216061056,
        0.5651370765846472,
        0.6076579696106488,
        0.6440139749019366,
        0.6952590690735158,
        0.6882311569785488,
        0.6739809657748175,
        0.689348992016936,
        0.6745886672396634,
        0.6924166305100776,
        0.738408778375841,
        0.7527756230356094,
        0.7281932148533844,
        0.7318209771495404,
        0.7389137228336339,
        0.727318085176154,
        0.7041152979889573,
        0.7674415632853159,
        0.7782688168855777,
        0.7824449386092652,
        0.8652914702680231,
        0.8624816153608625,
        0.7943609294870689,
        0.8112806760415961,
        0.8209476217614835,
        0.8086963283683317,
        0.7874629138278908,
        0.936157768944391,
        0.9446181499244739,
        0.9473110471442759,
        0.8040320912990792
      ],
      "status": [
        "climbing",
        "climbing",
        "climbing",
        "climbing",
        "climbing",
        "climbing",
        "climbing",
        "climbing",
        "climbing",
        "climbing",
        "climbing",
        "climbing",
        "climbing",
        "climbing",
        "climbing",
        "climbing",
        "climbing",
        "climbing",
        "climbing",
        "climbing",
        "climbing",
        "climbing",
        "climbing",
        "climbing",
        "climbing",
        "climbing",
        "climbing",
        "climbing",
        "climbing",
        "climbing",
        "finished"
      ],