{
  "left_climber": {
    "time_series": {
      "timestamps": [
        0.0,
        0.03333333333333333
      ],
      "y_position_m": [
        0.0,
        66.05966522252197
      ],
      "x_position_m": [
        0.0,
        -0.6994702129330459
      ],
      "status": [
        "climbing",
        "finished"
      ],
      "calibration_quality": [
        0.9999999999999793,
        0.9999999999999793
      ]
    },
    "summary": {
      "total_time_s": 0.03333333333333333,
      "total_distance_m": 0.0,
      "avg_velocity_m_s": 0.0,
      "max_velocity_m_s": 1981.7899566756591,
      "final_height_m": 66.05966522252197
    }
  },
  "right_climber": {
    "time_series": {
      "timestamps": [
        0.0,
        0.03333333333333333
      ],
      "y_position_m": [
        66.04376598030663,
        65.97704388557906
      ],
      "x_position_m": [
        -0.7035308975480399,
        -0.6953037583774835
      ],
      "status": [
        "finished",
        "finished"
      ],
      "calibration_quality": [
        0.9999999999999793,
        0.9999999999999793
      ]
    },
    "summary": {
      "total_time_s": 0.03333333333333333,
      "total_distance_m": 0.0,
      "avg_velocity_m_s": 0.0,
      "max_velocity_m_s": -2.001662841826999,
      "final_height_m": 65.97704388557906
    }
  },
  "metadata": {
    "video_path": "data\\race_segments\\innsbruck_2024\\Speed_finals_Innsbruck_2024_race008.mp4",
    "processing_date": "2025-11-20T04:53:07.838037",
    "calibration_method": "per_frame_homography",
    "units": "meters",
    "reference_point": "start_pad"
  }
}