{
  "left_climber": {
    "time_series": {
      "timestamps": [
        0.0,
        0.03333333333333333,
        0.06666666666666667,
        0.1,
        0.13333333333333333,
        0.16666666666666666,
        0.2,
        0.23333333333333334,
        0.26666666666666666,
        0.3,
        0.3333333333333333,
        0.36666666666666664,
        0.4,
        0.43333333333333335,
        0.4666666666666667,
        0.5,
        0.5333333333333333,
        0.5666666666666667,
        0.6,
        0.6333333333333333,
        0.6666666666666666,
        0.7,
        0.7333333333333333,
        0.7666666666666667,
        0.8,
        0.8333333333333334,
        0.8666666666666667,
        0.9,
        0.9333333333333333,
        0.9666666666666667,
        1.0,
        1.0333333333333334,
        1.0666666666666667,
        1.1,
        1.1333333333333333,
        1.1666666666666667,
        1.2,
        1.2333333333333334,
        1.2666666666666666,
        1.3,
        1.3333333333333333,
        1.3666666666666667,
        1.4,
        1.4333333333333333,
        1.4666666666666666,
        1.5,
        1.5333333333333334,
        1.5666666666666667,
        1.6,
        1.6333333333333333,
        1.6666666666666667,
        1.7,
        1.7333333333333334,
        1.7666666666666666,
        1.8,
        1.8333333333333333,
        1.8666666666666667,
        1.9,
        1.9333333333333333,
        1.9666666666666666,
        2.0,
        2.033333333333333,
        2.066666666666667,
        2.1,
        2.1333333333333333,
        2.1666666666666665,
        2.2,
        2.2333333333333334
      ],
      "y_position_m": [
        0.0,
        4.079629867676826,
        4.049129258494945,
        4.029279651685743,
        4.0168960178424244,
        4.011211150291293,
        4.005758885674547,
        3.9725945540522414,
        3.93163673684776,
        3.9103320739401015,
        3.905595110369757,
        3.908840933355994,
        3.9126225815619717,
        3.9140498282386416,
        3.9094968053215577,
        3.8971650601067136,
        3.8873567261742528,
        3.873214052240634,
        3.8564347816265805,
        3.8393783880868373,
        3.810575204465839,
        3.7678750513747934,
        3.734918531139535,
        3.7036208104952104,
        3.6875496175689295,
        3.6605015106083485,
        3.635244457571226,
        3.624750578780333,
        3.602544295260049,
        3.581093190132856,
        3.568332891038935,
        3.5485661120582956,
        3.523925402650086,
        3.500203578636148,
        3.49094598471352,
        3.481492059300463,
        3.4775123525545393,
        3.4735255316422533,
        3.4603042600767893,
        3.450658959334634,
        3.444004992818765,
        3.4372301076429146,
        3.431756001250609,
        3.4272145446140607,
        3.425286617020466,
        3.4218606193909866,
        3.418966341445674,
        3.4154324832443765,
        3.411866218965081,
        3.4096528741897703,
        3.408311807415477,
        3.4083397883244566,
        3.409438066014271,
        3.410401985820399,
        3.4106135991167186,
        3.4106498047703018,
        3.410571173300106,
        3.4120738470881267,
        3.418069146503385,
        3.4332225644443377,
        3.4486370860152564,
        3.4568630982596793,
        3.457598876923849,
        3.4569094972521053,
        0.0,
        -482.0500775226545,
        -3513.0649754672395,
        3895.087946397135
      ],
      "x_position_m": [
        0.0,
        1.177253956675178,
        1.1851302602066238,
        1.1875999323022282,
        1.1886639328141755,
        1.1881600675940696,
        1.1872327292343439,
        1.1869035627607414,
        1.1856095858298614,
        1.184399932993175,
        1.1841631046394983,
        1.1842243537021317,
        1.184194480779259,
        1.1845055386374737,
        1.1850281367099076,
        1.186210140419175,
        1.1872704823996483,
        1.1878415257053865,
        1.188386116056315,
        1.1890436083074638,
        1.1902878520595166,
        1.1926147298156162,
        1.194799636709633,
        1.1969151297096272,
        1.1975866916609517,
        1.1983230269106087,
        1.1996580404924153,
        1.2016917217452006,
        1.2044041049934786,
        1.2066527142603733,
        1.20842515910423,
        1.2097980995150883,
        1.2107107571370088,
        1.211808052363705,
        1.2128011786998665,
        1.2139184744016125,
        1.2145403578440928,
        1.2150134226998885,
        1.2154169132014747,
        1.2158142387817017,
        1.2163155752284676,
        1.2167385660114272,
        1.2170468687452805,
        1.2173972017522139,
        1.217695754476205,
        1.2179840377772428,
        1.218159203759963,
        1.2182881659265785,
        1.218375061673178,
        1.2184371697403973,
        1.218443674579083,
        1.2182570098165855,
        1.2178153806086272,
        1.2174083328319536,
        1.2172620779227816,
        1.2171980858598128,
        1.2171742831323975,
        1.2171308544780672,
        1.2169241249732352,
        1.2164473771824342,
        1.2161109313394576,
        1.2163204680707784,
        1.216779560081257,
        1.2171666053508297,
        0.0,
        26.461651534557564,
        172.74239709414752,
        -180.7640062439936
      ],
      "status": [
        "climbing",
        "climbing",
        "climbing",
        "climbing",
        "climbing",
        "climbing",
        "climbing",
        "climbing",
        "climbing",
        "climbing",
        "climbing",
        "climbing",
        "climbing",
        "climbing",
        "climbing",
        "climbing",
        "climbing",
        "climbing",
        "climbing",
        "climbing",
        "climbing",
        "climbing",
        "climbing",
        "climbing",
        "climbing",
        "climbing",
        "climbing",
        "climbing",
        "climbing",
        "climbing",
        "climbing",
        "climbing",
        "climbing",
        "climbing",
        "climbing",
        "climbing",
        "climbing",
        "climbing",
        "climbing",
        "climbing",
        "climbing",
        "climbing",
        "climbing",
        "climbing",
        "climbing",
        "climbing",
        "climbing",
        "climbing",
        "climbing",
        "climbing",
        "climbing",
        "climbing",
        "climbing",
        "climbing",
        "climbing",
        "climbing",
        "climbing",
        "climbing",
        "climbing",
        "climbing",
        "climbing",
        "climbing",
        "climbing",
        "climbing",
        "climbing",
        "climbing",
        "climbing",
        "finished"
      ],