{
  "left_climber": {
    "time_series": {
      "timestamps": [
        0.0,
        0.03333333333333333,
        0.06666666666666667,
        0.1,
        0.13333333333333333,
        0.16666666666666666,
        0.2,
        0.23333333333333334,
        0.26666666666666666,
        0.3,
        0.3333333333333333,
        0.36666666666666664,
        0.4,
        0.43333333333333335,
        0.4666666666666667,
        0.5,
        0.5333333333333333,
        0.5666666666666667,
        0.6,
        0.6333333333333333,
        0.6666666666666666,
        0.7,
        0.7333333333333333,
        0.7666666666666667,
        0.8,
        0.8333333333333334,
        0.8666666666666667,
        0.9,
        0.9333333333333333,
        0.9666666666666667,
        1.0,
        1.0333333333333334,
        1.0666666666666667,
        1.1,
        1.1333333333333333,
        1.1666666666666667,
        1.2,
        1.2333333333333334,
        1.2666666666666666,
        1.3,
        1.3333333333333333,
        1.3666666666666667,
        1.4,
        1.4333333333333333,
        1.4666666666666666,
        1.5
      ],
      "y_position_m": [
        1.2856800050430934,
        2.4380772806871627,
        2.3298899566769493,
        2.198945818743759,
        2.1946239860789607,
        2.1976207437860524,
        2.2106884798051225,
        2.2061243247409816,
        2.183460034953001,
        2.1610674982024523,
        2.135147086622626,
        2.0997037392778557,
        2.08218476158666,
        2.0474974227472753,
        2.011816322719302,
        1.9843535033170514,
        1.948064405810429,
        1.9222658747328023,
        1.9003713724761713,
        1.8187802066915488,
        1.769249129199515,
        1.7030051688962888,
        1.7358304420358353,
        1.7385472025872084,
        1.7259867497609305,
        1.6484005826752612,
        1.5069028044160508,
        1.8270562749813035,
        2.2377642864959313,
        2.7601086872103906,
        2.6204642406572867,
        3.3929170123245496,
        4.321792935099849,
        4.896727053765429,
        5.458572114367149,
        5.7893887358377025,
        5.842782508289289,
        6.0442748460798805,
        5.98119849893319,
        5.341078880177072,
        3.4150921912286436,
        -0.8153214104872972,
        -2.6906601283444673,
        -16.685036405532443,
        -1075.6534296277575,
        58.05108564975039
      ],
      "x_position_m": [
        1.2886167875373395,
        1.3737657452851886,
        1.377888981468593,
        1.379845759634513,
        1.381067253826165,
        1.3801566675550787,
        1.3805263319365544,
        1.3806621203684135,
        1.3808233686117437,
        1.3808350839501877,
        1.3816024283305313,
        1.382924927188492,
        1.3834522458064464,
        1.3851435642564904,
        1.3873190312591832,
        1.389017171867268,
        1.3910117701896347,
        1.391660290488902,
        1.3912226815334305,
        1.3897017973574288,
        1.3857156904695225,
        1.378949947895146,
        1.3725055363677983,
        1.3693320986243278,
        1.3686485332534588,
        1.3665217225597288,
        1.3547849577409126,
        1.3169092400581524,
        1.266439859412263,
        1.22003498264103,
        1.2024442054300863,
        1.1625236720351801,
        1.1190971638980285,
        1.0641308245457473,
        0.9849715241869603,
        0.9021271842515015,
        0.8969994204848474,
        0.7976936957867518,
        0.6851454098936279,
        0.49454075560822824,
        0.2961920830512191,
        -0.21799673441139295,
        -0.4233454950782051,
        -2.11905224568306,
        -97.19292130659726,
        4.8460890627916235
      ],
      "status": [
        "climbing",
        "climbing",
        "climbing",
        "climbing",
        "climbing",
        "climbing",
        "climbing",
        "climbing",
        "climbing",
        "climbing",
        "climbing",
        "climbing",
        "climbing",
        "climbing",
        "climbing",
        "climbing",
        "climbing",
        "climbing",
        "climbing",
        "climbing",
        "climbing",
        "climbing",
        "climbing",
        "climbing",
        "climbing",
        "climbing",
        "climbing",
        "climbing",
        "climbing",
        "climbing",
        "climbing",
        "climbing",
        "climbing",
        "climbing",
        "climbing",
        "climbing",
        "climbing",
        "climbing",
        "climbing",
        "climbing",
        "climbing",
        "climbing",
        "climbing",
        "climbing",
        "climbing",
        "finished"
      ],
      "calibration_quality": [
        0.8571428571428571,
        0.8571428571428571,
        0.8571428571428571,
        0.8571428571428571,
        0.8571428571428571,
        0.8571428571428571,
        0.8571428571428571,
        0.8571428571428571,
        0.8571428571428571,
        0.8571428571428571,
        0.8571428571428571,
        0.8571428571428571,
        0.8571428571428571,
        0.8571428571428571,
        0.8571428571428571,
        0.8571428571428571,
        0.8571428571428571,
        0.8571428571428571,
        0.8571428571428571,
        0.8571428571428571,
        0.8571428571428571,
        0.8571428571428571,
        0.8571428571428571,
        0.8571428571428571,
        0.8571428571428571,
        0.8571428571428571,
        0.8571428571428571,
        0.8571428571428571,
        0.8571428571428571,
        0.8571428571428571,
        0.8571428571428571,
        0.8571428571428571,
        0.8571428571428571,
        0.8571428571428571,
        0.8571428571428571,
        0.8571428571428571,
        0.8571428571428571,
        0.8571428571428571,
        0.8571428571428571,
        0.8571428571428571,
        0.8571428571428571,
        0.8571428571428571,
        0.8571428571428571,
        0.8571428571428571,
        0.8571428571428571,
        0.8571428571428571
      ]
    },
    "summary": {
      "total_time_s": 1.5,
      "total_distance_m": 1081.6977044738373,
      "avg_velocity_m_s": 721.1318029825583,
      "max_velocity_m_s": 34011.13545832513,
      "final_height_m": 58.05108564975039
    }
  },
  "right_climber": {
    "time_series": {
      "timestamps": [
        0.0,
        0.03333333333333333,
        0.06666666666666667,
        0.1,
        0.13333333333333333,
        0.16666666666666666,
        0.2,
        0.23333333333333334,
        0.26666666666666666,
        0.3,
        0.3333333333333333,
        0.36666666666666664,
        0.4,
        0.43333333333333335,
        0.4666666666666667,
        0.5,
        0.5333333333333333,
        0.5666666666666667,
        0.6,
        0.6333333333333333,
        0.6666666666666666,
        0.7,
        0.7333333333333333,
        0.7666666666666667,
        0.8,
        0.8333333333333334,
        0.8666666666666667,
        0.9,
        0.9333333333333333,
        0.9666666666666667,
        1.0,
        1.0333333333333334,
        1.0666666666666667,
        1.1,
        1.1333333333333333,
        1.1666666666666667,
        1.2,
        1.2333333333333334,
        1.2666666666666666,
        1.3,
        1.3333333333333333,
        1.3666666666666667,
        1.4,
        1.4333333333333333,
        1.4666666666666666,
        1.5
      ],