{
  "left_climber": {
    "time_series": {
      "timestamps": [
        0.0,
        0.03333333333333333,
        0.06666666666666667,
        0.1,
        0.13333333333333333
      ],
      "y_position_m": [
        -246.3689326152916,
        849.1705544278343,
        -733.9461688702553,
        -855.7266991881029,
        -7684.032879306163
      ],
      "x_position_m": [
        5.81186198461957,
        -18.217323331926096,
        15.363108632197033,
        19.67058997821556,
        187.70984419848014
      ],
      "status": [
        "climbing",
        "finished",
        "climbing",
        "climbing",
        "climbing"
      ],
      "calibration_quality": [
        0.8571428571428571,
        0.8571428571428571,
        0.8571428571428571,
        0.8571428571428571,
        0.8571428571428571
      ]
    },
    "summary": {
      "total_time_s": 0.13333333333333333,
      "total_distance_m": 7437.663946690871,
      "avg_velocity_m_s": 55782.479600181534,
      "max_velocity_m_s": 32866.18461129378,
      "final_height_m": -7684.032879306163
    }
  },
  "right_climber": {
    "time_series": {
      "timestamps": [
        0.0,
        0.03333333333333333,
        0.06666666666666667,
        0.1,
        0.13333333333333333
      ],
      "y_position_m": [
        -941.0054995171715,
        -1045.2402475980498,
        -502.2129820666597,
        -2752.4687775042325,
        5432.008429235726
      ],
      "x_position_m": [
        18.815255134567693,
        21.18720253219337,
        10.716412677587531,
        67.01645412970537,
        -131.25998328201965
      ],
      "status": [
        "climbing",
        "climbing",
        "climbing",
        "climbing",
        "finished"
      ],
      "calibration_quality": [
        0.8571428571428571,
        0.8571428571428571,
        0.8571428571428571,
        0.8571428571428571,
        0.8571428571428571
      ]
    },
    "summary": {
      "total_time_s": 0.13333333333333333,
      "total_distance_m": 2250.255795437573,
      "avg_velocity_m_s": 16876.918465781797,
      "max_velocity_m_s": 245534.31620219882,
      "final_height_m": 5432.008429235726
    }
  },
  "metadata": {
    "video_path": "data\\race_segments\\innsbruck_2024\\Speed_finals_Innsbruck_2024_race029.mp4",
    "processing_date": "2025-11-20T04:56:12.406376",
    "calibration_method": "per_frame_homography",
    "units": "meters",
    "reference_point": "start_pad"
  }
}