{
  "left_climber": {
    "time_series": {
      "timestamps": [
        0.0,
        0.03333333333333333
      ],
      "y_position_m": [
        0.0,
        15.79213469631536
      ],
      "x_position_m": [
        0.0,
        0.1604866099004611
      ],
      "status": [
        "climbing",
        "finished"
      ],
      "calibration_quality": [
        0.0,
        0.9999999999999947
      ]
    },
    "summary": {
      "total_time_s": 0.03333333333333333,
      "total_distance_m": 0.0,
      "avg_velocity_m_s": 0.0,
      "max_velocity_m_s": 473.76404088946083,
      "final_height_m": 15.79213469631536
    }
  },
  "right_climber": {
    "time_series": {
      "timestamps": [
        0.0,
        0.03333333333333333
      ],
      "y_position_m": [
        15.760726206970913,
        15.807722852697442
      ],
      "x_position_m": [
        0.15974689503353018,
        0.1608219462163741
      ],
      "status": [
        "finished",
        "finished"
      ],
      "calibration_quality": [
        0.9999999999999947,
        0.9999999999999947
      ]
    },
    "summary": {
      "total_time_s": 0.03333333333333333,
      "total_distance_m": 0.0,
      "avg_velocity_m_s": 0.0,
      "max_velocity_m_s": 1.4098993717958486,
      "final_height_m": 15.807722852697442
    }
  },
  "metadata": {
    "video_path": "data\\race_segments\\innsbruck_2024\\Speed_finals_Innsbruck_2024_race014.mp4",
    "processing_date": "2025-11-20T04:55:25.032677",
    "calibration_method": "per_frame_homography",
    "units": "meters",
    "reference_point": "start_pad"
  }
}