{
  "left_climber": {
    "time_series": {
      "timestamps": [
        0.0,
        0.03336666666666667,
        0.06673333333333334,
        0.10010000000000001,
        0.13346666666666668,
        0.16683333333333333,
        0.20020000000000002,
        0.23356666666666667,
        0.26693333333333336,
        0.3003,
        0.33366666666666667,
        0.3670333333333333,
        0.40040000000000003,
        0.4337666666666667,
        0.46713333333333334,
        0.5005000000000001,
        0.5338666666666667,
        0.5672333333333334,
        0.6006,
        0.6339666666666667,
        0.6673333333333333,
        0.7007,
        0.7340666666666666,
        0.7674333333333333,
        0.8008000000000001,
        0.8341666666666667,
        0.8675333333333334,
        0.9009,
        0.9342666666666667,
        0.9676333333333333,
        1.0010000000000001,
        1.0343666666666667,
        1.0677333333333334,
        1.1011,
        1.1344666666666667,
        1.1678333333333333,
        1.2012,
        1.2345666666666666,
        1.2679333333333334,
        1.3013000000000001,
        1.3346666666666667,
        1.3680333333333334,
        1.4014,
        1.4347666666666667,
        1.4681333333333333,
        1.5015,
        1.5348666666666666,
        1.5682333333333334,
        1.6016000000000001,
        1.6349666666666667,
        1.6683333333333334,
        1.7017,
        1.7350666666666668,
        1.7684333333333333,
        1.8018,
        1.8351666666666666,
        1.8685333333333334,
        1.9019,
        1.9352666666666667,
        1.9686333333333335,
        2.0020000000000002,
        2.0353666666666665,
        2.0687333333333333,
        2.1021,
        2.135466666666667
      ],
      "y_position_m": [
        4.592588026403381,
        4.581106852946518,
        4.567526678107931,
        4.570737353899721,
        4.583409090718529,
        4.591758540834585,
        4.601033719879636,
        4.611488080943959,
        4.625830503484719,
        4.642905819866404,
        4.669050004630804,
        4.694385097131897,
        4.714856396170577,
        4.718880679764177,
        4.724516743601732,
        6.931359308439597,
        6.987486979714351,
        7.027952105278085,
        7.03553689069574,
        7.031002876509981,
        7.019190692033206,
        7.004634823514922,
        6.994555286072218,
        6.977036412558335,
        6.947100391506189,
        6.918626275066572,
        6.870454190630037,
        6.8421517878035445,
        6.811375560059743,
        6.73108205696512,
        6.277071210190762,
        6.1701919875862385,
        6.087316361786335,
        6.024064538400767,
        5.979018323776331,
        5.932770599709153,
        5.894075808202619,
        5.855620289571876,
        5.865855974138341,
        6.101210267059078,
        6.377909513384722,
        6.7808081765866675,
        7.056437344508598,
        7.3986109972379515,
        7.640783427268859,
        7.668221279788186,
        7.709857833270538,
        7.696855391216144,
        7.639689242003946,
        7.56866229944866,
        7.3550291194063915,
        7.063797781434506,
        6.819680913393757,
        6.698687324201057,
        6.5768891508857426,
        6.420731505686949,
        6.280871214667969,
        6.281387905326528,
        6.284619807667559,
        6.295893736650835,
        12.225531257203661,
        12.453729691924371,
        12.934483880382732,
        13.967033233956672,
        15.375208531935334
      ],
      "x_position_m": [
        1.6304522650541045,
        1.629492012419569,
        1.6309493840770644,
        1.6351836157898718,
        1.643602051613267,
        1.6511247119396202,
        1.658440106739937,
        1.6667476043006515,
        1.676251953793623,
        1.6834332360987336,
        1.69098114073678,
        1.6981589997932889,
        1.7036898311919622,
        1.706168444472814,
        1.7080885679563635,
        1.9602904005680637,
        1.969136226483695,
        1.9743783323436297,
        1.9763108756507546,
        1.9753309858079662,
        1.9716432527639045,
        1.9697810194768974,
        1.9680052761296558,
        1.9645742722145736,
        1.9598717913586885,
        1.951946577309077,
        1.9436861287593767,
        1.9381395094861888,
        1.9298162773740388,
        1.9101304487216897,
        1.7200024554964495,
        1.7028983124257677,
        1.6836686224742838,
        1.660012727791833,
        1.6303997702187816,
        1.5957811708880978,
        1.5698644325831839,
        1.5357459127401485,
        1.4958114102358957,
        1.4446491535876467,
        1.3893252501841489,
        1.3504783213728038,
        1.313682583896746,
        1.2655972047938568,
        1.228040805326198,
        1.1921341400763,
        1.1639405768956415,
        1.1385098918595724,
        1.1257148071042524,
        1.092950381104518,
        1.0597113377635505,
        1.0259800089295494,
        0.994908872426217,
        0.9675321214644357,
        0.9322023688490388,
        0.9087319588843431,
        0.8889970517792389,
        0.8719828685159233,
        0.8681396761431623,
        0.86374749426794,
        1.2309029734326669,
        1.257721947558532,
        1.3105156611739048,
        1.4104624380487625,
        1.5333070577639334
      ],
      "status": [
        "climbing",
        "climbing",
        "climbing",
        "climbing",
        "climbing",
        "climbing",
        "climbing",
        "climbing",
        "climbing",
        "climbing",
        "climbing",
        "climbing",
        "climbing",
        "climbing",
        "climbing",
        "climbing",
        "climbing",
        "climbing",
        "climbing",
        "climbing",
        "climbing",
        "climbing",
        "climbing",
        "climbing",
        "climbing",
        "climbing",
        "climbing",
        "climbing",
        "climbing",
        "climbing",
        "climbing",
        "climbing",
        "climbing",
        "climbing",
        "climbing",
        "climbing",
        "climbing",
        "climbing",
        "climbing",
        "climbing",
        "climbing",
        "climbing",
        "climbing",
        "climbing",
        "climbing",
        "climbing",
        "climbing",
        "climbing",
        "climbing",
        "climbing",
        "climbing",
        "climbing",
        "climbing",
        "climbing",
        "climbing",
        "climbing",
        "climbing",
        "climbing",
        "climbing",
        "climbing",
        "climbing",
        "climbing",
        "climbing",
        "climbing",
        "finished"
      ],