{
  "left_climber": {
    "time_series": {
      "timestamps": [
        0.0,
        0.03336666666666667,
        0.06673333333333334,
        0.10010000000000001,
        0.13346666666666668,
        0.16683333333333333,
        0.20020000000000002,
        0.23356666666666667,
        0.26693333333333336,
        0.3003,
        0.33366666666666667,
        0.3670333333333333,
        0.40040000000000003,
        0.4337666666666667,
        0.46713333333333334,
        0.5005000000000001,
        0.5338666666666667,
        0.5672333333333334,
        0.6006,
        0.6339666666666667,
        0.6673333333333333,
        0.7007,
        0.7340666666666666,
        0.7674333333333333,
        0.8008000000000001,
        0.8341666666666667,
        0.8675333333333334,
        0.9009,
        0.9342666666666667,
        0.9676333333333333,
        1.0010000000000001,
        1.0343666666666667
      ],
      "y_position_m": [
        2.7216090846146956,
        6.068290143026079,
        -5.80256841558249,
        -31.31168522423407,
        -16.339141234517452,
        -4.168339211015579,
        -1.0006729611946366,
        2.9286869297350075,
        4.98156914024199,
        5.205965191225818,
        6.312473742072017,
        7.6868130173704685,
        8.742845482614527,
        9.287221063281637,
        9.84941890518911,
        4.977828262929432,
        4.978294970945024,
        4.985869047177553,
        4.996054310272094,
        5.0096933114708815,
        5.019652495825333,
        5.023387450856686,
        5.024553430521437,
        5.025811312395633,
        5.026817281412978,
        5.026992581128522,
        5.03035789194096,
        5.019535847345582,
        4.914749338820222,
        4.820782818616893,
        4.379765691343773,
        140.45169209808347
      ],
      "x_position_m": [
        0.12010663049435354,
        0.7988518632669739,
        1.5661715225451276,
        4.834885745815975,
        4.808370473234965,
        4.002507170742174,
        4.138423397149783,
        3.8759656942247926,
        3.758178424031233,
        3.8956402182166383,
        3.9724050254585808,
        3.888510081231118,
        3.7446034227939573,
        3.6441787264463565,
        3.477028289473432,
        1.531531736328601,
        1.5314877966223133,
        1.53161225348548,
        1.5317968293066702,
        1.531807261388557,
        1.5317770900093057,
        1.5317234802507824,
        1.5316870672194276,
        1.5316820334473875,
        1.5316761221957076,
        1.5316765323628347,
        1.5315606457007607,
        1.5310565979341686,
        1.5300502114890029,
        1.5289264910626934,
        1.5567566264199342,
        -3.01027058008394
      ],
      "status": [
        "climbing",
        "climbing",
        "climbing",
        "climbing",
        "climbing",
        "climbing",
        "climbing",
        "climbing",
        "climbing",
        "climbing",
        "climbing",
        "climbing",
        "climbing",
        "climbing",
        "climbing",
        "climbing",
        "climbing",
        "climbing",
        "climbing",
        "climbing",
        "climbing",
        "climbing",
        "climbing",
        "climbing",
        "climbing",
        "climbing",
        "climbing",
        "climbing",
        "climbing",
        "climbing",
        "climbing",
        "finished"
      ],
      "calibration_quality": [
        0.9999999999999678,
        0.9999999999999678,
        0.9999999999999678,
        0.9999999999999678,
        0.9999999999999678,
        0.9999999999999678,
        0.9999999999999678,
        0.9999999999999678,
        0.9999999999999678,
        0.9999999999999678,
        0.9999999999999678,
        0.9999999999999678,
        0.9999999999999678,
        0.9999999999999678,
        0.9999999999999678,
        0.967620981610674,
        0.967620981610674,
        0.967620981610674,
        0.967620981610674,
        0.967620981610674,
        0.967620981610674,
        0.967620981610674,
        0.967620981610674,
        0.967620981610674,
        0.967620981610674,
        0.967620981610674,
        0.967620981610674,
        0.967620981610674,
        0.967620981610674,
        0.967620981610674,
        0.99999999999994,
        0.99999999999994
      ]
    },
    "summary": {
      "total_time_s": 1.0343666666666667,
      "total_distance_m": 41.16110412942318,
      "avg_velocity_m_s": 39.79353304381733,
      "max_velocity_m_s": 4078.079712489716,
      "final_height_m": 140.45169209808347
    }
  },
  "right_climber": {
    "time_series": {
      "timestamps": [
        0.0,
        0.03336666666666667,
        0.06673333333333334,
        0.10010000000000001,
        0.13346666666666668,
        0.16683333333333333,
        0.20020000000000002,
        0.23356666666666667,
        0.26693333333333336,
        0.3003,
        0.33366666666666667,
        0.3670333333333333,
        0.40040000000000003,
        0.4337666666666667,
        0.46713333333333334,
        0.5005000000000001,
        0.5338666666666667,
        0.5672333333333334,
        0.6006,
        0.6339666666666667,
        0.6673333333333333,
        0.7007,
        0.7340666666666666,
        0.7674333333333333,
        0.8008000000000001,
        0.8341666666666667,
        0.8675333333333334,
        0.9009,
        0.9342666666666667,
        0.9676333333333333,
        1.0010000000000001,
        1.0343666666666667
      ],
      "y_position_m": [
        6.307620127918457,
        4.85128262725915,
        -29.303285454057168,
        -104.51778494646697,
        -7.343934623717708,
        -5.5526768229118035,
        1.6655681625939232,
        4.220040448018601,
        5.3558053986387,
        5.1130073919762635,
        6.8678844243731065,
        8.115380611499834,
        8.931969909399657,
        9.537510907285924,
        9.912987534784115,
        4.97569882212492,
        4.982191835795941,
        4.990696628831422,
        5.00053518341302,
        5.01598705676633,
        5.022770206009254,
        5.023709094624587,
        5.025295833772638,
        5.026546159123823,
        5.02727790113964,
        5.026695261630857,
        5.034971030105984,
        5.009860549691793,
        4.881678048860745,
        4.791136745945615,
        2.6021446392219443,
        23.950785725758543
      ],
      "x_position_m": [
        0.7819581841418617,
        0.8254145501041659,
        4.65948588184224,
        11.90064978797217,
        3.911590856586842,
        4.2458383616637745,
        3.9221550759590773,
        3.7067155978692727,
        3.6880772733111464,
        3.944346132277519,
        3.967370465032147,
        3.7923454789262463,
        3.691172758951982,
        3.6042009191417645,
        3.446503273504383,
        1.5314561455463582,
        1.531560692045777,
        1.5317003545297951,
        1.5318404880283607,
        1.5317943455491672,
        1.5317602392151681,
        1.5316924935572995,
        1.5316823328744136,
        1.5316724370349888,
        1.5316817858953484,
        1.5316736253857675,
        1.531470887447015,
        1.5308018067994973,
        1.5298765074269387,
        1.5284841077980593,
        1.6191264959660736,
        0.9023454415069899
      ],
      "status": [
        "climbing",
        "climbing",
        "climbing",
        "climbing",
        "climbing",
        "climbing",
        "climbing",
        "climbing",
        "climbing",
        "climbing",
        "climbing",
        "climbing",
        "climbing",
        "climbing",
        "climbing",
        "climbing",
        "climbing",
        "climbing",
        "climbing",
        "climbing",
        "climbing",
        "climbing",
        "climbing",
        "climbing",
        "climbing",
        "climbing",
        "climbing",
        "climbing",
        "climbing",
        "climbing",
        "climbing",
        "finished"
      ],