{
  "left_climber": {
    "time_series": {
      "timestamps": [
        0.0,
        0.03336666666666667,
        0.06673333333333334,
        0.10010000000000001,
        0.13346666666666668,
        0.16683333333333333,
        0.20020000000000002,
        0.23356666666666667,
        0.26693333333333336,
        0.3003,
        0.33366666666666667,
        0.3670333333333333,
        0.40040000000000003,
        0.4337666666666667,
        0.46713333333333334,
        0.5005000000000001,
        0.5338666666666667,
        0.5672333333333334,
        0.6006,
        0.6339666666666667,
        0.6673333333333333,
        0.7007
      ],
      "y_position_m": [
        -74.67817727760276,
        4.5831391176170975,
        4.518616456259662,
        4.615194078931158,
        4.5952116507272285,
        4.5634786680614035,
        4.581588924127413,
        4.572436434164353,
        4.5572519171249715,
        4.546567953191784,
        4.545367826830561,
        4.543304388910792,
        4.538638061785436,
        4.53777215033891,
        4.538031084232235,
        4.542015018041441,
        4.543871646856097,
        4.547300025990569,
        4.550872208501238,
        4.556983938128695,
        4.565813682435816,
        27.517286398947856
      ],
      "x_position_m": [
        -2.8577605019366716,
        0.20860453941118923,
        0.20217817286965478,
        0.2118453771401223,
        0.20837591026505195,
        0.20704926328970208,
        0.2092334348696868,
        0.20880237451914824,
        0.20753577412621121,
        0.20698566608140095,
        0.20680208234948216,
        0.20689191685623334,
        0.20667321664503732,
        0.20676958156530817,
        0.20713385441425072,
        0.20782798533443103,
        0.20818292454280835,
        0.20848965887106785,
        0.2087406288991545,
        0.20935157126614184,
        0.21046801941736057,
        2.133665210931133
      ],
      "status": [
        "climbing",
        "climbing",
        "climbing",
        "climbing",
        "climbing",
        "climbing",
        "climbing",
        "climbing",
        "climbing",
        "climbing",
        "climbing",
        "climbing",
        "climbing",
        "climbing",
        "climbing",
        "climbing",
        "climbing",
        "climbing",
        "climbing",
        "climbing",
        "climbing",
        "finished"
      ],
      "calibration_quality": [
        0.9999999999999897,
        0.9999999999999897,
        0.9999999999999897,
        0.9999999999999897,
        0.9999999999999897,
        0.9999999999999897,
        0.9999999999999897,
        0.9999999999999897,
        0.9999999999999897,
        0.9999999999999897,
        0.9999999999999897,
        0.9999999999999897,
        0.9999999999999897,
        0.9999999999999897,
        0.9999999999999897,
        0.9999999999999897,
        0.9999999999999897,
        0.9999999999999897,
        0.9999999999999897,
        0.9999999999999897,
        0.9999999999999897,
        0.9999999999999897
      ]
    },
    "summary": {
      "total_time_s": 0.7007,
      "total_distance_m": 79.29337135653391,
      "avg_velocity_m_s": 113.1630817133351,
      "max_velocity_m_s": 2375.4640278287666,
      "final_height_m": 27.517286398947856
    }
  },
  "right_climber": {
    "time_series": {
      "timestamps": [
        0.0,
        0.03336666666666667,
        0.06673333333333334,
        0.10010000000000001,
        0.13346666666666668,
        0.16683333333333333,
        0.20020000000000002,
        0.23356666666666667,
        0.26693333333333336,
        0.3003,
        0.33366666666666667,
        0.3670333333333333,
        0.40040000000000003,
        0.4337666666666667,
        0.46713333333333334,
        0.5005000000000001,
        0.5338666666666667,
        0.5672333333333334,
        0.6006,
        0.6339666666666667,
        0.6673333333333333,
        0.7007
      ],
      "y_position_m": [
        3.801817441353629,
        4.415789213157492,
        4.615016889010118,
        4.629031979139307,
        4.5759868371424,
        4.570649624781565,
        4.585358647228469,
        4.565294675239267,
        4.552017770847831,
        4.544654058049397,
        4.547883119444835,
        4.539689259592094,
        4.538816249284166,
        4.537264271529423,
        4.53893077269271,
        4.543292978559169,
        4.543802185118341,
        4.549588190705741,
        4.552470310337674,
        4.559561318389097,
        4.569950251766065,
        20.733769659965223
      ],
      "x_position_m": [
        0.13646735992060546,
        0.1969855095827352,
        0.21204685054263236,
        0.21067156539837295,
        0.20748995611213428,
        0.20814020889601342,
        0.20975006205324617,
        0.20822314033861106,
        0.20728473908669998,
        0.20683105833679358,
        0.20713610933994978,
        0.20668732279531946,
        0.20668951403234564,
        0.20688881649156782,
        0.20735212270607706,
        0.20805937548489212,
        0.20820641613017568,
        0.2086694119101573,
        0.20886753876549088,
        0.20960855253903857,
        0.21104627287221858,
        1.5767482786712224
      ],
      "status": [
        "climbing",
        "climbing",
        "climbing",
        "climbing",
        "climbing",
        "climbing",
        "climbing",
        "climbing",
        "climbing",
        "climbing",
        "climbing",
        "climbing",
        "climbing",
        "climbing",
        "climbing",
        "climbing",
        "climbing",
        "climbing",
        "climbing",
        "climbing",
        "climbing",
        "finished"
      ],
      "calibration_quality": [
        0.9999999999999897,
        0.9999999999999897,
        0.9999999999999897,
        0.9999999999999897,
        0.9999999999999897,
        0.9999999999999897,
        0.9999999999999897,
        0.9999999999999897,
        0.9999999999999897,
        0.9999999999999897,
        0.9999999999999897,
        0.9999999999999897,
        0.9999999999999897,
        0.9999999999999897,
        0.9999999999999897,
        0.9999999999999897,
        0.9999999999999897,
        0.9999999999999897,
        0.9999999999999897,
        0.9999999999999897,
        0.9999999999999897,
        0.9999999999999897
      ]
    },
    "summary": {
      "total_time_s": 0.7007,
      "total_distance_m": 0.8272145377856779,
      "avg_velocity_m_s": 1.1805544994800599,
      "max_velocity_m_s": 484.43015209388096,
      "final_height_m": 20.733769659965223
    }
  },
  "metadata": {
    "video_path": "data\\race_segments\\seoul_2024\\Speed_finals_Seoul_2024_race021.mp4",
    "processing_date": "2025-11-20T04:41:44.714130",
    "calibration_method": "per_frame_homography",
    "units": "meters",
    "reference_point": "start_pad"
  }
}