{
  "left_climber": {
    "time_series": {
      "timestamps": [
        0.0,
        0.03336666666666667,
        0.06673333333333334,
        0.10010000000000001,
        0.13346666666666668,
        0.16683333333333333,
        0.20020000000000002,
        0.23356666666666667,
        0.26693333333333336,
        0.3003,
        0.33366666666666667,
        0.3670333333333333,
        0.40040000000000003,
        0.4337666666666667,
        0.46713333333333334,
        0.5005000000000001,
        0.5338666666666667,
        0.5672333333333334,
        0.6006,
        0.6339666666666667,
        0.6673333333333333,
        0.7007,
        0.7340666666666666,
        0.7674333333333333,
        0.8008000000000001,
        0.8341666666666667,
        0.8675333333333334,
        0.9009,
        0.9342666666666667,
        0.9676333333333333,
        1.0010000000000001
      ],
      "y_position_m": [
        0.0,
        5.223429224422411,
        5.298986979810337,
        5.248047423258465,
        5.108555554254865,
        5.060347335363403,
        4.956333355912325,
        4.928226641425971,
        4.90497958961133,
        4.755610884482152,
        4.613109887715464,
        4.53286183019258,
        4.483820394688312,
        4.440051023300636,
        4.405848849394169,
        4.37600152625378,
        4.347289012979178,
        4.2961762150098615,
        4.232877586078536,
        4.165831216832442,
        4.104974003855876,
        3.893162656372268,
        3.380763829576445,
        3.1178784428152007,
        3.236431689978806,
        3.1842661311401828,
        3.158685341712131,
        3.126030570976338,
        2.996430080700099,
        2.8147531802450674,
        37.59854379095042
      ],
      "x_position_m": [
        0.0,
        3.356759951018877,
        3.3706116966929676,
        3.362242063942536,
        3.3208577089572557,
        3.2904644652434674,
        3.242997803439296,
        3.236699852437843,
        3.223005157710668,
        3.2044836694573826,
        3.1999559429234052,
        3.188577128235979,
        3.188813824608271,
        3.1896242627060563,
        3.181350264344662,
        3.1650624103337512,
        3.1462371675576053,
        3.120670912179543,
        3.1255094650620627,
        3.1316373035406526,
        3.1381781585270154,
        3.1199205677782467,
        3.0915032582211266,
        3.0804526659762717,
        3.0887536913013793,
        3.1183354383089026,
        3.1063350646959926,
        3.0850817107757393,
        3.0490558942940997,
        3.0139978722498038,
        -3.573221868187815
      ],
      "status": [
        "climbing",
        "climbing",
        "climbing",
        "climbing",
        "climbing",
        "climbing",
        "climbing",
        "climbing",
        "climbing",
        "climbing",
        "climbing",
        "climbing",
        "climbing",
        "climbing",
        "climbing",
        "climbing",
        "climbing",
        "climbing",
        "climbing",
        "climbing",
        "climbing",
        "climbing",
        "climbing",
        "climbing",
        "climbing",
        "climbing",
        "climbing",
        "climbing",
        "climbing",
        "climbing",
        "finished"
      ],
      "calibration_quality": [
        0.8571428571428571,
        0.8571428571428571,
        0.8571428571428571,
        0.8571428571428571,
        0.8571428571428571,
        0.8571428571428571,
        0.8571428571428571,
        0.8571428571428571,
        0.8571428571428571,
        0.8571428571428571,
        0.8571428571428571,
        0.8571428571428571,
        0.8571428571428571,
        0.8571428571428571,
        0.8571428571428571,
        0.8571428571428571,
        0.8571428571428571,
        0.8571428571428571,
        0.8571428571428571,
        0.8571428571428571,
        0.8571428571428571,
        0.8571428571428571,
        0.8571428571428571,
        0.8571428571428571,
        0.8571428571428571,
        0.8571428571428571,
        0.8571428571428571,
        0.8571428571428571,
        0.8571428571428571,
        0.8571428571428571,
        0.75
      ]
    },
    "summary": {
      "total_time_s": 1.0010000000000001,
      "total_distance_m": 5.298986979810337,
      "avg_velocity_m_s": 5.293693286523813,
      "max_velocity_m_s": 1042.4712470740833,
      "final_height_m": 37.59854379095042
    }
  },
  "right_climber": {
    "time_series": {
      "timestamps": [
        0.0,
        0.03336666666666667,
        0.06673333333333334,
        0.10010000000000001,
        0.13346666666666668,
        0.16683333333333333,
        0.20020000000000002,
        0.23356666666666667,
        0.26693333333333336,
        0.3003,
        0.33366666666666667,
        0.3670333333333333,
        0.40040000000000003,
        0.4337666666666667,
        0.46713333333333334,
        0.5005000000000001,
        0.5338666666666667,
        0.5672333333333334,
        0.6006,
        0.6339666666666667,
        0.6673333333333333,
        0.7007,
        0.7340666666666666,
        0.7674333333333333,
        0.8008000000000001,
        0.8341666666666667,
        0.8675333333333334,
        0.9009,
        0.9342666666666667,
        0.9676333333333333,
        1.0010000000000001
      ],
      "y_position_m": [
        5.179269479451373,
        5.283250038592183,
        5.293005054804654,
        5.201787788207512,
        5.1100051553460455,
        5.026604408311918,
        4.938961638378749,
        4.920803315392594,
        4.850516046720812,
        4.752645129279572,
        4.550618625931173,
        4.528216811061272,
        4.460307678881291,
        4.4276229236053,
        4.385388146558531,
        4.37628244998446,
        4.334531812300402,
        4.260081002361564,
        4.223742890778196,
        4.161842136230857,
        4.089954020449016,
        3.620512269744258,
        3.284107494778252,
        3.216141053176552,
        3.263014356978569,
        3.2140270441610768,
        3.1526927297161675,
        3.1121999155611215,
        2.9088148626682986,
        2.272793879498932,
        37.840515166597484
      ],
      "x_position_m": [
        3.3383800602116467,
        3.36809536964188,
        3.3723750966690518,
        3.3545145271296573,
        3.3180794787657986,
        3.2751133969010082,
        3.236540497766914,
        3.230488770014385,
        3.2181121412480787,
        3.205881586764031,
        3.1943400446680323,
        3.1887596785904595,
        3.192430462102618,
        3.1856028417065523,
        3.174613844231305,
        3.1629016125354967,
        3.139223601812792,
        3.118828921838334,
        3.1342689124268643,
        3.131596233232465,
        3.1298111362801464,
        3.0902418284957034,
        3.0859499895671036,
        3.0779686621393045,
        3.0917298346131656,
        3.1177510259997825,
        3.1067293765921282,
        3.071780182015717,
        3.0412883309494445,
        2.992213310897152,
        -3.616862033374637
      ],
      "status": [
        "climbing",
        "climbing",
        "climbing",
        "climbing",
        "climbing",
        "climbing",
        "climbing",
        "climbing",
        "climbing",
        "climbing",
        "climbing",
        "climbing",
        "climbing",
        "climbing",
        "climbing",
        "climbing",
        "climbing",
        "climbing",
        "climbing",
        "climbing",
        "climbing",
        "climbing",
        "climbing",
        "climbing",
        "climbing",
        "climbing",
        "climbing",
        "climbing",
        "climbing",
        "climbing",
        "finished"
      ],