{
  "left_climber": {
    "time_series": {
      "timestamps": [
        0.0,
        0.03336666666666667,
        0.06673333333333334,
        0.10010000000000001,
        0.13346666666666668,
        0.16683333333333333,
        0.20020000000000002,
        0.23356666666666667,
        0.26693333333333336,
        0.3003,
        0.33366666666666667,
        0.3670333333333333,
        0.40040000000000003,
        0.4337666666666667,
        0.46713333333333334,
        0.5005000000000001,
        0.5338666666666667,
        0.5672333333333334,
        0.6006,
        0.6339666666666667,
        0.6673333333333333,
        0.7007,
        0.7340666666666666,
        0.7674333333333333,
        0.8008000000000001,
        0.8341666666666667,
        0.8675333333333334,
        0.9009,
        0.9342666666666667,
        0.9676333333333333,
        1.0010000000000001,
        1.0343666666666667,
        1.0677333333333334,
        1.1011,
        1.1344666666666667,
        1.1678333333333333,
        1.2012,
        1.2345666666666666,
        1.2679333333333334,
        1.3013000000000001,
        1.3346666666666667
      ],
      "y_position_m": [
        10.54999999999999,
        10.54999999999995,
        10.549999999999956,
        10.549999999999972,
        10.550000000000002,
        10.549999999999967,
        10.549999999999965,
        10.549999999999999,
        10.550000000000002,
        10.549999999999962,
        10.550000000000008,
        10.54999999999999,
        10.54999999999998,
        10.54999999999999,
        10.549999999999958,
        4.501278294103038,
        4.481452771547022,
        4.475952974164193,
        4.516355629015412,
        4.573755989974081,
        4.6136187245803475,
        4.623055120867557,
        4.62328721945891,
        4.622263180457732,
        4.623623212546314,
        4.6276506763608385,
        4.637419340121154,
        4.653478076000508,
        4.667984560130457,
        4.7161042680518195,
        7.001348381501361,
        6.794666372085608,
        6.399202348815881,
        5.9040382108824945,
        5.294945030744751,
        4.53676663737931,
        3.288723680379892,
        -0.8618588812658452,
        -15.312139721238108,
        -186.6955743179561,
        32.354422294853066
      ],
      "x_position_m": [
        1.0,
        0.9999999999999943,
        0.9999999999999949,
        1.0,
        1.0,
        1.0,
        0.9999999999999957,
        1.0,
        1.0,
        1.0,
        1.0,
        1.0,
        1.0,
        1.0,
        0.9999999999999967,
        0.8528258094592089,
        0.8558448599099356,
        0.8569444291375057,
        0.8548609553842875,
        0.8514238693706204,
        0.8488742341035181,
        0.8482784462561532,
        0.848399680018734,
        0.848724941237886,
        0.848733848030288,
        0.8483244887783802,
        0.847130138152786,
        0.8458518879528192,
        0.8451643852942339,
        0.8420353775327152,
        0.7838430475287498,
        0.7873894915143849,
        0.7975469471061721,
        0.8116777989964146,
        0.8334419790146818,
        0.8640319034841408,
        0.915134769363017,
        1.0835107529200594,
        1.7112516844672359,
        9.501831519821653,
        -0.4521467734316886
      ],
      "status": [
        "climbing",
        "climbing",
        "climbing",
        "climbing",
        "climbing",
        "climbing",
        "climbing",
        "climbing",
        "climbing",
        "climbing",
        "climbing",
        "climbing",
        "climbing",
        "climbing",
        "climbing",
        "climbing",
        "climbing",
        "climbing",
        "climbing",
        "climbing",
        "climbing",
        "climbing",
        "climbing",
        "climbing",
        "climbing",
        "climbing",
        "climbing",
        "climbing",
        "climbing",
        "climbing",
        "climbing",
        "climbing",
        "climbing",
        "climbing",
        "climbing",
        "climbing",
        "climbing",
        "climbing",
        "climbing",
        "climbing",
        "finished"
      ],
      "calibration_quality": [
        1.5,
        1.5,
        1.5,
        1.5,
        1.5,
        1.5,
        1.5,
        1.5,
        1.5,
        1.5,
        1.5,
        1.5,
        1.5,
        1.5,
        1.5,
        0.9999999999999806,
        0.9999999999999806,
        0.9999999999999806,
        0.9999999999999806,
        0.9999999999999806,
        0.9999999999999806,
        0.9999999999999806,
        0.9999999999999806,
        0.9999999999999806,
        0.9999999999999806,
        0.9999999999999806,
        0.9999999999999806,
        0.9999999999999806,
        0.9999999999999806,
        0.9999999999999806,
        0.9999999999999747,
        0.9999999999999747,
        0.9999999999999747,
        0.9999999999999747,
        0.9999999999999747,
        0.9999999999999747,
        0.9999999999999747,
        0.9999999999999747,
        0.9999999999999747,
        0.9999999999999747,
        0.9999999999999747
      ]
    },
    "summary": {
      "total_time_s": 1.3346666666666667,
      "total_distance_m": 197.2455743179561,
      "avg_velocity_m_s": 147.78639434412295,
      "max_velocity_m_s": 6564.934963420878,
      "final_height_m": 32.354422294853066
    }
  },
  "right_climber": {
    "time_series": {
      "timestamps": [
        0.0,
        0.03336666666666667,
        0.06673333333333334,
        0.10010000000000001,
        0.13346666666666668,
        0.16683333333333333,
        0.20020000000000002,
        0.23356666666666667,
        0.26693333333333336,
        0.3003,
        0.33366666666666667,
        0.3670333333333333,
        0.40040000000000003,
        0.4337666666666667,
        0.46713333333333334,
        0.5005000000000001,
        0.5338666666666667,
        0.5672333333333334,
        0.6006,
        0.6339666666666667,
        0.6673333333333333,
        0.7007,
        0.7340666666666666,
        0.7674333333333333,
        0.8008000000000001,
        0.8341666666666667,
        0.8675333333333334,
        0.9009,
        0.9342666666666667,
        0.9676333333333333,
        1.0010000000000001,
        1.0343666666666667,
        1.0677333333333334,
        1.1011,
        1.1344666666666667,
        1.1678333333333333,
        1.2012,
        1.2345666666666666,
        1.2679333333333334,
        1.3013000000000001,
        1.3346666666666667
      ],
      "y_position_m": [
        10.549999999999953,
        10.549999999999951,
        10.549999999999944,
        10.549999999999985,
        10.549999999999974,
        10.54999999999995,
        10.549999999999972,
        10.549999999999958,
        10.549999999999962,
        10.549999999999972,
        10.549999999999976,
        10.549999999999983,
        10.549999999999994,
        10.55,
        10.549999999999978,
        4.489485329958862,
        4.474194400011133,
        4.477714912100226,
        4.542910564896029,
        4.59672453992289,
        4.6221111778651265,
        4.6239014016559405,
        4.622296865826811,
        4.621990782613758,
        4.624495035154904,
        4.630697625837758,
        4.644215160930881,
        4.6619136300645545,
        4.6719101719731935,
        4.741552216870799,
        6.954269364845295,
        6.735262017385746,
        6.25063452128136,
        5.75604478294132,
        5.132227804600114,
        4.227615518716751,
        2.9641163223205558,
        -1.6365986991855277,
        -12.462287541174744,
        133.47691318974384,
        32.493912093444145
      ],