{
  "left_climber": {
    "time_series": {
      "timestamps": [
        0.0,
        0.03336666666666667
      ],
      "y_position_m": [
        0.0,
        81.3388879015358
      ],
      "x_position_m": [
        0.0,
        6.0212025586203595
      ],
      "status": [
        "climbing",
        "finished"
      ],
      "calibration_quality": [
        0.8571428571428571,
        0.8571428571428571
      ]
    },
    "summary": {
      "total_time_s": 0.03336666666666667,
      "total_distance_m": 0.0,
      "avg_velocity_m_s": 0.0,
      "max_velocity_m_s": 2437.728908137936,
      "final_height_m": 81.3388879015358
    }
  },
  "right_climber": {
    "time_series": {
      "timestamps": [
        0.0,
        0.03336666666666667
      ],
      "y_position_m": [
        82.03097506279416,
        82.14631990201904
      ],
      "x_position_m": [
        6.06635366718912,
        6.0812481400860845
      ],
      "status": [
        "finished",
        "finished"
      ],
      "calibration_quality": [
        0.8571428571428571,
        0.8571428571428571
      ]
    },
    "summary": {
      "total_time_s": 0.03336666666666667,
      "total_distance_m": 0.0,
      "avg_velocity_m_s": 0.0,
      "max_velocity_m_s": 3.456888288458212,
      "final_height_m": 82.14631990201904
    }
  },
  "metadata": {
    "video_path": "data\\race_segments\\seoul_2024\\Speed_finals_Seoul_2024_race024.mp4",
    "processing_date": "2025-11-20T04:42:14.373427",
    "calibration_method": "per_frame_homography",
    "units": "meters",
    "reference_point": "start_pad"
  }
}