{
  "left_climber": {
    "time_series": {
      "timestamps": [
        0.0,
        0.03336666666666667,
        0.06673333333333334,
        0.10010000000000001,
        0.13346666666666668,
        0.16683333333333333,
        0.20020000000000002,
        0.23356666666666667,
        0.26693333333333336,
        0.3003,
        0.33366666666666667,
        0.3670333333333333,
        0.40040000000000003,
        0.4337666666666667
      ],
      "y_position_m": [
        16.2639973594813,
        12.272646268141226,
        12.118021219527876,
        12.074675287140685,
        12.089720720487053,
        12.048521481856316,
        12.010287628937983,
        11.985395046155755,
        11.985037336963249,
        11.984237809475035,
        11.980906807527349,
        11.971579675211832,
        11.967632170595687,
        13.992326173855172
      ],
      "x_position_m": [
        -2.1250117505069754,
        -1.0659867106580012,
        -0.9969432050384082,
        -0.9966203734335978,
        -1.05074240753164,
        -1.0094831176227796,
        -1.0070502232073595,
        -0.9989246411484312,
        -1.0013269159129927,
        -1.0133325926425487,
        -1.0129129201922809,
        -1.0071160527120184,
        -1.0072590068612772,
        -0.9989903953928279
      ],
      "status": [
        "finished",
        "climbing",
        "climbing",
        "climbing",
        "climbing",
        "climbing",
        "climbing",
        "climbing",
        "climbing",
        "climbing",
        "climbing",
        "climbing",
        "climbing",
        "climbing"
      ],
      "calibration_quality": [
        0.9999999999999702,
        0.9999999999999702,
        0.9999999999999702,
        0.9999999999999702,
        0.9999999999999702,
        0.9999999999999702,
        0.9999999999999702,
        0.9999999999999702,
        0.9999999999999702,
        0.9999999999999702,
        0.9999999999999702,
        0.9999999999999702,
        0.9999999999999702,
        0.9999999999999702
      ]
    },
    "summary": {
      "total_time_s": 0.4337666666666667,
      "total_distance_m": 2.0246940032594853,
      "avg_velocity_m_s": 4.667703073678979,
      "max_velocity_m_s": 60.68013995782675,
      "final_height_m": 13.992326173855172
    }
  },
  "right_climber": {
    "time_series": {
      "timestamps": [
        0.0,
        0.03336666666666667,
        0.06673333333333334,
        0.10010000000000001,
        0.13346666666666668,
        0.16683333333333333,
        0.20020000000000002,
        0.23356666666666667,
        0.26693333333333336,
        0.3003,
        0.33366666666666667,
        0.3670333333333333,
        0.40040000000000003,
        0.4337666666666667
      ],
      "y_position_m": [
        12.228097819368815,
        12.137111709872965,
        12.14528364016963,
        12.110245038501022,
        12.102451203505305,
        12.053200532232516,
        12.008705609662943,
        11.987773054382664,
        11.973759897719717,
        11.990792752173173,
        11.974536083787859,
        11.970550758140414,
        11.967125680321123,
        23.550968358305944
      ],
      "x_position_m": [
        -0.9594427255911464,
        -1.0218750448338938,
        -1.0531060788977913,
        -1.0282024346739669,
        -1.0446894993997566,
        -1.037785511856361,
        -1.0145228605817143,
        -1.0038099564749654,
        -1.0045479892453502,
        -1.0187684231735095,
        -1.0094936516073427,
        -1.0059519198743623,
        -1.0073346117111397,
        -3.19882179811185
      ],
      "status": [
        "climbing",
        "climbing",
        "climbing",
        "climbing",
        "climbing",
        "climbing",
        "climbing",
        "climbing",
        "climbing",
        "climbing",
        "climbing",
        "climbing",
        "climbing",
        "finished"
      ],
      "calibration_quality": [
        0.9999999999999702,
        0.9999999999999702,
        0.9999999999999702,
        0.9999999999999702,
        0.9999999999999702,
        0.9999999999999702,
        0.9999999999999702,
        0.9999999999999702,
        0.9999999999999702,
        0.9999999999999702,
        0.9999999999999702,
        0.9999999999999702,
        0.9999999999999702,
        0.9999999999999702
      ]
    },
    "summary": {
      "total_time_s": 0.4337666666666667,
      "total_distance_m": 0.26097213904769134,
      "avg_velocity_m_s": 0.6016417560463183,
      "max_velocity_m_s": 347.1681122273174,
      "final_height_m": 23.550968358305944
    }
  },
  "metadata": {
    "video_path": "data\\race_segments\\seoul_2024\\Speed_finals_Seoul_2024_race016.mp4",
    "processing_date": "2025-11-20T04:41:05.166731",
    "calibration_method": "per_frame_homography",
    "units": "meters",
    "reference_point": "start_pad"
  }
}