{
  "left_climber": {
    "time_series": {
      "timestamps": [
        0.0,
        0.03336666666666667
      ],
      "y_position_m": [
        0.0,
        21.47758856838475
      ],
      "x_position_m": [
        0.0,
        0.12847617613554652
      ],
      "status": [
        "climbing",
        "finished"
      ],
      "calibration_quality": [
        0.8571428571428571,
        0.8571428571428571
      ]
    },
    "summary": {
      "total_time_s": 0.03336666666666667,
      "total_distance_m": 0.0,
      "avg_velocity_m_s": 0.0,
      "max_velocity_m_s": 643.683973078464,
      "final_height_m": 21.47758856838475
    }
  },
  "right_climber": {
    "time_series": {
      "timestamps": [
        0.0,
        0.03336666666666667
      ],
      "y_position_m": [
        21.56008217494908,
        21.456170563406797
      ],
      "x_position_m": [
        0.12594521579644433,
        0.12913929735399912
      ],
      "status": [
        "finished",
        "finished"
      ],
      "calibration_quality": [
        0.8571428571428571,
        0.8571428571428571
      ]
    },
    "summary": {
      "total_time_s": 0.03336666666666667,
      "total_distance_m": 0.0,
      "avg_velocity_m_s": 0.0,
      "max_velocity_m_s": -3.11423411215635,
      "final_height_m": 21.456170563406797
    }
  },
  "metadata": {
    "video_path": "data\\race_segments\\seoul_2024\\Speed_finals_Seoul_2024_race028.mp4",
    "processing_date": "2025-11-20T04:42:36.456421",
    "calibration_method": "per_frame_homography",
    "units": "meters",
    "reference_point": "start_pad"
  }
}