{
  "left_climber": {
    "time_series": {
      "timestamps": [
        0.0,
        0.03333333333333333
      ],
      "y_position_m": [
        0.0,
        39.25322893311485
      ],
      "x_position_m": [
        0.0,
        -1.0021790346049417
      ],
      "status": [
        "climbing",
        "finished"
      ],
      "calibration_quality": [
        0.9999999999999905,
        0.9999999999999905
      ]
    },
    "summary": {
      "total_time_s": 0.03333333333333333,
      "total_distance_m": 0.0,
      "avg_velocity_m_s": 0.0,
      "max_velocity_m_s": 1177.5968679934454,
      "final_height_m": 39.25322893311485
    }
  },
  "right_climber": {
    "time_series": {
      "timestamps": [
        0.0,
        0.03333333333333333
      ],
      "y_position_m": [
        37.55442217351017,
        40.05020179337248
      ],
      "x_position_m": [
        -0.8708380234930428,
        -1.066056005078596
      ],
      "status": [
        "finished",
        "finished"
      ],
      "calibration_quality": [
        0.9999999999999905,
        0.9999999999999905
      ]
    },
    "summary": {
      "total_time_s": 0.03333333333333333,
      "total_distance_m": 0.0,
      "avg_velocity_m_s": 0.0,
      "max_velocity_m_s": 74.87338859586934,
      "final_height_m": 40.05020179337248
    }
  },
  "metadata": {
    "video_path": "data\\race_segments\\villars_2024\\Speed_finals_Villars_2024_race020.mp4",
    "processing_date": "2025-11-20T04:53:36.464077",
    "calibration_method": "per_frame_homography",
    "units": "meters",
    "reference_point": "start_pad"
  }
}