{
  "left_climber": {
    "time_series": {
      "timestamps": [
        0.0,
        0.03333333333333333,
        0.06666666666666667,
        0.1,
        0.13333333333333333,
        0.16666666666666666,
        0.2,
        0.23333333333333334,
        0.26666666666666666,
        0.3,
        0.3333333333333333,
        0.36666666666666664,
        0.4,
        0.43333333333333335,
        0.4666666666666667,
        0.5,
        0.5333333333333333,
        0.5666666666666667,
        0.6,
        0.6333333333333333,
        0.6666666666666666,
        0.7,
        0.7333333333333333,
        0.7666666666666667,
        0.8,
        0.8333333333333334
      ],
      "y_position_m": [
        0.0,
        6.384056186296517,
        6.385840590163978,
        6.3981087396876175,
        6.400965829116107,
        6.412821934797516,
        6.418697437925578,
        6.415050886444707,
        6.412257978345325,
        6.403473653537582,
        6.404359901101337,
        6.40065382962272,
        6.397975698737947,
        6.3690034099229775,
        6.351946653469251,
        0.6280661590903833,
        0.6235443035129666,
        0.6326972006586633,
        0.6570721646405846,
        0.7378817616940723,
        0.8968468716153621,
        1.044657602351776,
        1.1271023943145293,
        1.1719299828635323,
        0.0,
        17.804749663555747
      ],
      "x_position_m": [
        0.0,
        1.5421468413436943,
        1.5420114493014005,
        1.5420832087073073,
        1.5419220430003828,
        1.5420712300878723,
        1.5420834947079274,
        1.5417927793463837,
        1.5416499316926944,
        1.54163202771556,
        1.5418162101880912,
        1.5416889760934152,
        1.541541590838725,
        1.5406087311162697,
        1.5403823870645141,
        0.7301965336544458,
        0.7301127744683743,
        0.7306152510448506,
        0.7312784768904119,
        0.7323468740927408,
        0.7336236696182958,
        0.7354440144996148,
        0.7369328914663118,
        0.7369661411178352,
        0.0,
        0.8964920239418346
      ],
      "status": [
        "climbing",
        "climbing",
        "climbing",
        "climbing",
        "climbing",
        "climbing",
        "climbing",
        "climbing",
        "climbing",
        "climbing",
        "climbing",
        "climbing",
        "climbing",
        "climbing",
        "climbing",
        "climbing",
        "climbing",
        "climbing",
        "climbing",
        "climbing",
        "climbing",
        "climbing",
        "climbing",
        "climbing",
        "climbing",
        "finished"
      ],
      "calibration_quality": [
        0.9999999999999752,
        0.9999999999999752,
        0.9999999999999752,
        0.9999999999999752,
        0.9999999999999752,
        0.9999999999999752,
        0.9999999999999752,
        0.9999999999999752,
        0.9999999999999752,
        0.9999999999999752,
        0.9999999999999752,
        0.9999999999999752,
        0.9999999999999752,
        0.9999999999999752,
        0.9999999999999752,
        0.999999999999981,
        0.999999999999981,
        0.999999999999981,
        0.999999999999981,
        0.999999999999981,
        0.999999999999981,
        0.999999999999981,
        0.999999999999981,
        0.999999999999981,
        0.999999999999981,
        0.999999999999981
      ]
    },
    "summary": {
      "total_time_s": 0.8333333333333334,
      "total_distance_m": 6.418697437925578,
      "avg_velocity_m_s": 7.7024369255106935,
      "max_velocity_m_s": 534.1424899066725,
      "final_height_m": 17.804749663555747
    }
  },
  "right_climber": {
    "time_series": {
      "timestamps": [
        0.0,
        0.03333333333333333,
        0.06666666666666667,
        0.1,
        0.13333333333333333,
        0.16666666666666666,
        0.2,
        0.23333333333333334,
        0.26666666666666666,
        0.3,
        0.3333333333333333,
        0.36666666666666664,
        0.4,
        0.43333333333333335,
        0.4666666666666667,
        0.5,
        0.5333333333333333,
        0.5666666666666667,
        0.6,
        0.6333333333333333,
        0.6666666666666666,
        0.7,
        0.7333333333333333,
        0.7666666666666667,
        0.8,
        0.8333333333333334
      ],
      "y_position_m": [
        6.387845436519413,
        6.382527264641309,
        6.388301665925211,
        6.398928097136584,
        6.40406003160143,
        6.4174274815892085,
        6.418477621747226,
        6.415747758216793,
        6.4099578018430465,
        6.403221221364449,
        6.4013141379853975,
        6.4006755056663165,
        6.396886410953156,
        6.365369498861544,
        6.346523756660351,
        0.6429325164452067,
        0.6086456139257073,
        0.6276954388436373,
        0.6703606406274603,
        0.7937617290098709,
        0.9241965123603753,
        1.1502458227089982,
        1.0918944447169794,
        1.1799569519483941,
        19.96164861040166,
        16.056882981136447
      ],
      "x_position_m": [
        1.542467308234381,
        1.5420049048120181,
        1.5419808521696914,
        1.5419252575234195,
        1.54214085851974,
        1.542503447117964,
        1.541977741816146,
        1.5417579499192773,
        1.541457978977044,
        1.5417056426764992,
        1.5417827142863643,
        1.5416808533650348,
        1.5415449467557576,
        1.5406976599031224,
        1.5403059527010807,
        0.7303260202781245,
        0.7299445251020918,
        0.730636548836334,
        0.7315187255293312,
        0.7328186014088025,
        0.7340148183975133,
        0.7363921640693193,
        0.7364991415238239,
        0.7369454512910952,
        0.9147238242269399,
        0.8819468068933732
      ],
      "status": [
        "climbing",
        "climbing",
        "climbing",
        "climbing",
        "climbing",
        "climbing",
        "climbing",
        "climbing",
        "climbing",
        "climbing",
        "climbing",
        "climbing",
        "climbing",
        "climbing",
        "climbing",
        "climbing",
        "climbing",
        "climbing",
        "climbing",
        "climbing",
        "climbing",
        "climbing",
        "climbing",
        "climbing",
        "finished",
        "finished"
      ],
      "calibration_quality": [
        0.9999999999999752,
        0.9999999999999752,
        0.9999999999999752,
        0.9999999999999752,
        0.9999999999999752,
        0.9999999999999752,
        0.9999999999999752,
        0.9999999999999752,
        0.9999999999999752,
        0.9999999999999752,
        0.9999999999999752,
        0.9999999999999752,
        0.9999999999999752,
        0.9999999999999752,
        0.9999999999999752,
        0.999999999999981,
        0.999999999999981,
        0.999999999999981,
        0.999999999999981,
        0.999999999999981,
        0.999999999999981,
        0.999999999999981,
        0.999999999999981,
        0.999999999999981,
        0.999999999999981,
        0.999999999999981
      ]
    },
    "summary": {
      "total_time_s": 0.8333333333333334,
      "total_distance_m": 5.8098320078215195,
      "avg_velocity_m_s": 6.971798409385823,
      "max_velocity_m_s": 563.4507497535981,
      "final_height_m": 16.056882981136447
    }
  },
  "metadata": {
    "video_path": "data\\race_segments\\villars_2024\\Speed_finals_Villars_2024_race015.mp4",
    "processing_date": "2025-11-20T04:52:52.863355",
    "calibration_method": "per_frame_homography",
    "units": "meters",
    "reference_point": "start_pad"
  }
}