{
  "left_climber": {
    "time_series": {
      "timestamps": [
        0.0,
        0.03333333333333333
      ],
      "y_position_m": [
        0.0,
        37.14561337161501
      ],
      "x_position_m": [
        0.0,
        1.9445841805341837
      ],
      "status": [
        "climbing",
        "finished"
      ],
      "calibration_quality": [
        0.999999999999993,
        0.999999999999993
      ]
    },
    "summary": {
      "total_time_s": 0.03333333333333333,
      "total_distance_m": 0.0,
      "avg_velocity_m_s": 0.0,
      "max_velocity_m_s": 1114.3684011484504,
      "final_height_m": 37.14561337161501
    }
  },
  "right_climber": {
    "time_series": {
      "timestamps": [
        0.0,
        0.03333333333333333
      ],
      "y_position_m": [
        36.745845099166814,
        37.49973596853931
      ],
      "x_position_m": [
        1.8215985967387336,
        1.819520602343288
      ],
      "status": [
        "finished",
        "finished"
      ],
      "calibration_quality": [
        0.999999999999993,
        0.999999999999993
      ]
    },
    "summary": {
      "total_time_s": 0.03333333333333333,
      "total_distance_m": 0.0,
      "avg_velocity_m_s": 0.0,
      "max_velocity_m_s": 22.61672608117493,
      "final_height_m": 37.49973596853931
    }
  },
  "metadata": {
    "video_path": "data\\race_segments\\villars_2024\\Speed_finals_Villars_2024_race007.mp4",
    "processing_date": "2025-11-20T04:52:13.275498",
    "calibration_method": "per_frame_homography",
    "units": "meters",
    "reference_point": "start_pad"
  }
}