{
  "left_climber": {
    "time_series": {
      "timestamps": [
        0.0,
        0.03333333333333333,
        0.06666666666666667,
        0.1,
        0.13333333333333333,
        0.16666666666666666,
        0.2,
        0.23333333333333334,
        0.26666666666666666,
        0.3,
        0.3333333333333333,
        0.36666666666666664,
        0.4,
        0.43333333333333335,
        0.4666666666666667,
        0.5,
        0.5333333333333333,
        0.5666666666666667,
        0.6,
        0.6333333333333333,
        0.6666666666666666,
        0.7,
        0.7333333333333333,
        0.7666666666666667,
        0.8,
        0.8333333333333334,
        0.8666666666666667,
        0.9,
        0.9333333333333333,
        0.9666666666666667,
        1.0,
        1.0333333333333334,
        1.0666666666666667,
        1.1,
        1.1333333333333333,
        1.1666666666666667,
        1.2,
        1.2333333333333334,
        1.2666666666666666,
        1.3,
        1.3333333333333333,
        1.3666666666666667,
        1.4,
        1.4333333333333333,
        1.4666666666666666,
        1.5,
        1.5333333333333334,
        1.5666666666666667,
        1.6,
        1.6333333333333333,
        1.6666666666666667,
        1.7,
        1.7333333333333334,
        1.7666666666666666,
        1.8,
        1.8333333333333333,
        1.8666666666666667,
        1.9,
        1.9333333333333333,
        1.9666666666666666,
        2.0,
        2.033333333333333,
        2.066666666666667,
        2.1,
        2.1333333333333333,
        2.1666666666666665,
        2.2
      ],
      "y_position_m": [
        0.0,
        2.010471143555124,
        2.0238334653550947,
        2.044977491712242,
        2.0511458426780123,
        2.0432272206074584,
        2.0478793156006105,
        2.0468725554614964,
        2.050190071691236,
        2.049292627188589,
        2.04544628705664,
        2.0279163740347745,
        2.038589102212927,
        1.9773713417534846,
        1.9633745137762129,
        2.0305006682945637,
        1.1495938944936375,
        1.1510203194073372,
        1.1524478910042297,
        1.1531102941757094,
        1.1527437033130616,
        1.1530411281245618,
        1.1533699382019749,
        1.1539551240450794,
        1.1541884820352253,
        1.152721777226603,
        0.0,
        0.0,
        0.0,
        0.0,
        0.0,
        1.136942894183366,
        1.1367021662544101,
        1.1365601908766052,
        1.136519149614531,
        1.1364947077449838,
        1.1364914199230645,
        1.1364942018221476,
        1.1365090902196284,
        1.1365793816126182,
        1.1366682697591133,
        1.1367854460505193,
        1.136830405112746,
        1.1369575112774681,
        1.13726189643648,
        1.1374752990443429,
        1.1377030070867065,
        1.1377517340553114,
        1.1377021833542236,
        1.1369103755334575,
        1.1356648400146094,
        1.1346622081962987,
        1.133885150604488,
        1.1331816185208043,
        1.13307171250934,
        1.132375474768557,
        1.1322121428884684,
        1.1318499075853568,
        1.1317442808140603,
        1.1315345944441344,
        5.157783673999928,
        5.164883267495568,
        4.550825129499327,
        2.8441848347431073,
        -7.664546725616054,
        -355.58278051250966,
        154.9174568222966
      ],
      "x_position_m": [
        0.0,
        0.9024646530976965,
        0.9036510684912686,
        0.9056863230044818,
        0.906337349969663,
        0.9047656890954596,
        0.9051014119174264,
        0.9053048005870666,
        0.9056141518431529,
        0.9051011410463108,
        0.9043577867338372,
        0.9022239599548701,
        0.9032701342867645,
        0.8964424393773306,
        0.8937602016449026,
        0.8992027751941999,
        3.0007272984496347,
        3.0007409593373535,
        3.0007542049642604,
        3.0007602539926257,
        3.00075700211942,
        3.0007595791917447,
        3.0007620371719916,
        3.0007671806426144,
        3.0007685924456253,
        3.0007548984676875,
        0.0,
        0.0,
        0.0,
        0.0,
        0.0,
        3.000536063455417,
        3.000532811821015,
        3.0005311422519654,
        3.000530595660842,
        3.0005302528938627,
        3.0005302577215502,
        3.0005302337083046,
        3.0005302863349352,
        3.0005308583363757,
        3.0005317997550742,
        3.000533162224699,
        3.0005337711075666,
        3.000535384281029,
        3.0005388130548396,
        3.000541504086106,
        3.0005446177140582,
        3.000545946653055,
        3.000545802376365,
        3.000539232714413,
        3.0005285799366908,
        3.0005213092530605,
        3.0005154182289497,
        3.000509587898669,
        3.0005088160856337,
        3.0005037515405797,
        3.00050354873186,
        3.0005018902409395,
        3.0005028736693693,
        3.000502480151545,
        1.4162644646125326,
        1.373405860889638,
        1.335531170506167,
        1.304273069729016,
        1.127281862027282,
        -7.402546510713325,
        5.804504175574791
      ],
      "status": [
        "climbing",
        "climbing",
        "climbing",
        "climbing",
        "climbing",
        "climbing",
        "climbing",
        "climbing",
        "climbing",
        "climbing",
        "climbing",
        "climbing",
        "climbing",
        "climbing",
        "climbing",
        "climbing",
        "climbing",
        "climbing",
        "climbing",
        "climbing",
        "climbing",
        "climbing",
        "climbing",
        "climbing",
        "climbing",
        "climbing",
        "climbing",
        "climbing",
        "climbing",
        "climbing",
        "climbing",
        "climbing",
        "climbing",
        "climbing",
        "climbing",
        "climbing",
        "climbing",
        "climbing",
        "climbing",
        "climbing",
        "climbing",
        "climbing",
        "climbing",
        "climbing",
        "climbing",
        "climbing",
        "climbing",
        "climbing",
        "climbing",
        "climbing",
        "climbing",
        "climbing",
        "climbing",
        "climbing",
        "climbing",
        "climbing",
        "climbing",
        "climbing",
        "climbing",
        "climbing",
        "climbing",
        "climbing",
        "climbing",
        "climbing",
        "climbing",
        "climbing",
        "finished"
      ],