{
  "left_climber": {
    "time_series": {
      "timestamps": [
        0.0,
        0.03333333333333333
      ],
      "y_position_m": [
        8.325857204431378,
        0.0
      ],
      "x_position_m": [
        0.6177969384205482,
        0.0
      ],
      "status": [
        "climbing",
        "out_of_frame"
      ],
      "calibration_quality": [
        0.9999999999995434,
        0.9999999999995434
      ]
    },
    "summary": {
      "total_time_s": 0.03333333333333333,
      "total_distance_m": 0.0,
      "avg_velocity_m_s": 0.0,
      "max_velocity_m_s": -249.77571613294134,
      "final_height_m": 0.0
    }
  },
  "right_climber": {
    "time_series": {
      "timestamps": [
        0.0,
        0.03333333333333333
      ],
      "y_position_m": [
        0.0,
        0.0
      ],
      "x_position_m": [
        0.0,
        0.0
      ],
      "status": [
        "out_of_frame",
        "out_of_frame"
      ],
      "calibration_quality": [
        0.9999999999995434,
        0.9999999999995434
      ]
    },
    "summary": {
      "total_time_s": 0.03333333333333333,
      "total_distance_m": 0.0,
      "avg_velocity_m_s": 0.0,
      "max_velocity_m_s": 0.0,
      "final_height_m": 0.0
    }
  },
  "metadata": {
    "video_path": "data\\race_segments\\villars_2024\\Speed_finals_Villars_2024_race023.mp4",
    "processing_date": "2025-11-20T04:54:24.764451",
    "calibration_method": "per_frame_homography",
    "units": "meters",
    "reference_point": "start_pad"
  }
}