{
  "left_climber": {
    "time_series": {
      "timestamps": [
        0.0,
        0.03333333333333333,
        0.06666666666666667,
        0.1,
        0.13333333333333333,
        0.16666666666666666,
        0.2,
        0.23333333333333334,
        0.26666666666666666,
        0.3,
        0.3333333333333333,
        0.36666666666666664,
        0.4,
        0.43333333333333335,
        0.4666666666666667,
        0.5,
        0.5333333333333333,
        0.5666666666666667,
        0.6,
        0.6333333333333333,
        0.6666666666666666,
        0.7,
        0.7333333333333333,
        0.7666666666666667,
        0.8,
        0.8333333333333334,
        0.8666666666666667
      ],
      "y_position_m": [
        0.0,
        3.813317318826561,
        3.9081966252889613,
        4.059495071180134,
        4.138756862975651,
        4.135844027360459,
        4.215004172001525,
        4.398804734798962,
        4.489380828366255,
        4.456352708457111,
        4.5299586648966015,
        4.334382234326888,
        4.281817205070395,
        4.7417523034759315,
        4.593094765148465,
        -8.80460585984201,
        -13.24143175830922,
        -18.655937867849023,
        -23.424282011746058,
        -17.722900615450094,
        -22.66654306502054,
        -23.682606411561387,
        -73.99589797722344,
        -147.07368687835697,
        -182.9326510527458,
        -352.4736782141386,
        96.73723349645167
      ],
      "x_position_m": [
        0.0,
        0.7805179040779534,
        0.7820367445520524,
        0.7839045874300065,
        0.785153839241191,
        0.7853794044544568,
        0.7862857613009783,
        0.7883164354014196,
        0.7894557618534622,
        0.7892368868484236,
        0.7900063285751978,
        0.7878895682814611,
        0.7873213226718561,
        0.7921377878236788,
        0.7904005036310827,
        -0.4514690274319726,
        -1.025650842898656,
        -1.7143618331019876,
        -2.328952338819258,
        -1.5954308375910382,
        -2.216418387973881,
        -2.3412421920500446,
        -8.710484978801635,
        -17.919383392277105,
        -22.351978438595413,
        -43.59779680955436,
        12.813306539653851
      ],
      "status": [
        "climbing",
        "climbing",
        "climbing",
        "climbing",
        "climbing",
        "climbing",
        "climbing",
        "climbing",
        "climbing",
        "climbing",
        "climbing",
        "climbing",
        "climbing",
        "climbing",
        "climbing",
        "climbing",
        "climbing",
        "climbing",
        "climbing",
        "climbing",
        "climbing",
        "climbing",
        "climbing",
        "climbing",
        "climbing",
        "climbing",
        "finished"
      ],
      "calibration_quality": [
        0.999999999999981,
        0.999999999999981,
        0.999999999999981,
        0.999999999999981,
        0.999999999999981,
        0.999999999999981,
        0.999999999999981,
        0.999999999999981,
        0.999999999999981,
        0.999999999999981,
        0.999999999999981,
        0.999999999999981,
        0.999999999999981,
        0.999999999999981,
        0.999999999999981,
        0.9999999999999108,
        0.9999999999999108,
        0.9999999999999108,
        0.9999999999999108,
        0.9999999999999108,
        0.9999999999999108,
        0.9999999999999108,
        0.9999999999999108,
        0.9999999999999108,
        0.9999999999999108,
        0.9999999999999108,
        0.9999999999999108
      ]
    },
    "summary": {
      "total_time_s": 0.8666666666666667,
      "total_distance_m": 357.21543051761455,
      "avg_velocity_m_s": 412.17165059724755,
      "max_velocity_m_s": 13476.327351317712,
      "final_height_m": 96.73723349645167
    }
  },
  "right_climber": {
    "time_series": {
      "timestamps": [
        0.0,
        0.03333333333333333,
        0.06666666666666667,
        0.1,
        0.13333333333333333,
        0.16666666666666666,
        0.2,
        0.23333333333333334,
        0.26666666666666666,
        0.3,
        0.3333333333333333,
        0.36666666666666664,
        0.4,
        0.43333333333333335,
        0.4666666666666667,
        0.5,
        0.5333333333333333,
        0.5666666666666667,
        0.6,
        0.6333333333333333,
        0.6666666666666666,
        0.7,
        0.7333333333333333,
        0.7666666666666667,
        0.8,
        0.8333333333333334,
        0.8666666666666667
      ],
      "y_position_m": [
        3.8825511278468996,
        3.747425069577189,
        3.9919248504367504,
        4.092509875072002,
        4.186537130890358,
        4.148899732149894,
        4.323528205662815,
        4.452644273124595,
        4.563376835729987,
        4.562783908813134,
        4.524448669297852,
        4.27003641279059,
        4.3268648598237265,
        4.813882749504591,
        4.568337930549641,
        -8.65557395678886,
        -15.166590712866803,
        -20.913262345056392,
        -22.260562324637785,
        -16.045866255575188,
        -22.538990119827613,
        -27.495195198183502,
        -121.82666492453698,
        -120.05125828623748,
        841.4599927681649,
        -276.61877955692967,
        71.8579408574538
      ],
      "x_position_m": [
        0.7809285631845374,
        0.7800082920514266,
        0.7830073646932452,
        0.7844339348030771,
        0.7857695374083778,
        0.7855258548576779,
        0.7874849525135932,
        0.7888987182036725,
        0.7902752059907352,
        0.7903427997443291,
        0.7899047113611938,
        0.7872046186890321,
        0.7878029040738915,
        0.7928873703435476,
        0.7901141844462576,
        -0.4346429678254748,
        -1.27545460258662,
        -2.006960528328653,
        -2.1826820330219974,
        -1.3787852110747763,
        -2.1954280064869214,
        -2.8238770851574104,
        -14.749691957915008,
        -14.462494644102048,
        106.50390657400241,
        -34.08986138814961,
        9.702271383628638
      ],
      "status": [
        "climbing",
        "climbing",
        "climbing",
        "climbing",
        "climbing",
        "climbing",
        "climbing",
        "climbing",
        "climbing",
        "climbing",
        "climbing",
        "climbing",
        "climbing",
        "climbing",
        "climbing",
        "climbing",
        "climbing",
        "climbing",
        "climbing",
        "climbing",
        "climbing",
        "climbing",
        "climbing",
        "climbing",
        "finished",
        "climbing",
        "finished"
      ],
      "calibration_quality": [
        0.999999999999981,
        0.999999999999981,
        0.999999999999981,
        0.999999999999981,
        0.999999999999981,
        0.999999999999981,
        0.999999999999981,
        0.999999999999981,
        0.999999999999981,
        0.999999999999981,
        0.999999999999981,
        0.999999999999981,
        0.999999999999981,
        0.999999999999981,
        0.999999999999981,
        0.9999999999999108,
        0.9999999999999108,
        0.9999999999999108,
        0.9999999999999108,
        0.9999999999999108,
        0.9999999999999108,
        0.9999999999999108,
        0.9999999999999108,
        0.9999999999999108,
        0.9999999999999108,
        0.9999999999999108,
        0.9999999999999108
      ]
    },
    "summary": {
      "total_time_s": 0.8666666666666667,
      "total_distance_m": 281.4326623064343,
      "avg_velocity_m_s": 324.7299949689626,
      "max_velocity_m_s": 28845.337531632078,
      "final_height_m": 71.8579408574538
    }
  },
  "metadata": {
    "video_path": "data\\race_segments\\villars_2024\\Speed_finals_Villars_2024_race016.mp4",
    "processing_date": "2025-11-20T04:52:56.829939",
    "calibration_method": "per_frame_homography",
    "units": "meters",
    "reference_point": "start_pad"
  }
}